provinsi,kode_prov,tahun,bulan,nama_bulan,urutan,akun,anggaran,realisasi,persentase,datar_tahunan,belum_final
NTB,23,2023,1,Januari,1,Belanja Bantuan Keuangan,19358108300.0,0.0,0.0,False,False
NTB,23,2023,2,Februari,2,Belanja Bantuan Keuangan,19358108300.0,0.0,0.0,False,False
NTB,23,2023,3,Maret,3,Belanja Bantuan Keuangan,19358108300.0,0.0,0.0,False,False
NTB,23,2023,4,April,4,Belanja Bantuan Keuangan,19358108300.0,0.0,0.0,False,False
NTB,23,2023,5,Mei,5,Belanja Bantuan Keuangan,19358108300.0,0.0,0.0,False,False
NTB,23,2023,6,Juni,6,Belanja Bantuan Keuangan,19358108300.0,0.0,0.0,False,False
NTB,23,2023,7,Juli,7,Belanja Bantuan Keuangan,19358108300.0,0.0,0.0,False,False
NTB,23,2023,8,Agustus,8,Belanja Bantuan Keuangan,19358108300.0,0.0,0.0,False,False
NTB,23,2023,9,September,9,Belanja Bantuan Keuangan,19358108300.0,0.0,0.0,False,False
NTB,23,2023,10,Oktober,10,Belanja Bantuan Keuangan,19358108300.0,0.0,0.0,False,False
NTB,23,2023,11,November,11,Belanja Bantuan Keuangan,19358108300.0,683500000.0,3.53,False,False
NTB,23,2023,12,Desember,12,Belanja Bantuan Keuangan,19358108300.0,17683520800.0,91.35,False,False
NTB,23,2024,1,Januari,13,Belanja Bantuan Keuangan,683500000.0,0.0,0.0,False,False
NTB,23,2024,2,Februari,14,Belanja Bantuan Keuangan,683500000.0,0.0,0.0,False,False
NTB,23,2024,3,Maret,15,Belanja Bantuan Keuangan,683500000.0,0.0,0.0,False,False
NTB,23,2024,4,April,16,Belanja Bantuan Keuangan,683500000.0,0.0,0.0,False,False
NTB,23,2024,5,Mei,17,Belanja Bantuan Keuangan,683500000.0,0.0,0.0,False,False
NTB,23,2024,6,Juni,18,Belanja Bantuan Keuangan,683500000.0,0.0,0.0,False,False
NTB,23,2024,7,Juli,19,Belanja Bantuan Keuangan,683500000.0,245750000.0,35.95,False,False
NTB,23,2024,8,Agustus,20,Belanja Bantuan Keuangan,683500000.0,245750000.0,35.95,False,False
NTB,23,2024,9,September,21,Belanja Bantuan Keuangan,683500000.0,309250000.0,45.25,False,False
NTB,23,2024,10,Oktober,22,Belanja Bantuan Keuangan,683500000.0,309250000.0,45.25,False,False
NTB,23,2024,11,November,23,Belanja Bantuan Keuangan,683500000.0,683500000.0,100.0,False,False
NTB,23,2024,12,Desember,24,Belanja Bantuan Keuangan,683500000.0,683500000.0,100.0,False,True
NTB,23,2025,1,Januari,25,Belanja Bantuan Keuangan,683500000.0,0.0,0.0,False,False
NTB,23,2025,2,Februari,26,Belanja Bantuan Keuangan,683500000.0,0.0,0.0,False,False
NTB,23,2025,3,Maret,27,Belanja Bantuan Keuangan,683500000.0,0.0,0.0,False,False
NTB,23,2025,4,April,28,Belanja Bantuan Keuangan,683500000.0,0.0,0.0,False,False
NTB,23,2025,5,Mei,29,Belanja Bantuan Keuangan,683500000.0,0.0,0.0,False,False
NTB,23,2025,6,Juni,30,Belanja Bantuan Keuangan,683500000.0,0.0,0.0,False,False
NTB,23,2025,7,Juli,31,Belanja Bantuan Keuangan,683500000.0,124850000.0,18.27,False,False
NTB,23,2025,8,Agustus,32,Belanja Bantuan Keuangan,683500000.0,218350000.0,31.95,False,False
NTB,23,2025,9,September,33,Belanja Bantuan Keuangan,683500000.0,309250000.0,45.25,False,False
NTB,23,2025,10,Oktober,34,Belanja Bantuan Keuangan,683500000.0,309250000.0,45.25,False,False
NTB,23,2025,11,November,35,Belanja Bantuan Keuangan,683500000.0,683500000.0,100.0,False,False
NTB,23,2025,12,Desember,36,Belanja Bantuan Keuangan,683500000.0,4849500000.0,709.51,False,False
NTB,23,2026,1,Januari,37,Belanja Bantuan Keuangan,129497187000.0,0.0,0.0,False,False
NTB,23,2026,2,Februari,38,Belanja Bantuan Keuangan,129497187000.0,0.0,0.0,False,False
NTB,23,2026,3,Maret,39,Belanja Bantuan Keuangan,129497187000.0,0.0,0.0,False,False
NTB,23,2026,4,April,40,Belanja Bantuan Keuangan,129497187000.0,0.0,0.0,False,False
NTB,23,2026,5,Mei,41,Belanja Bantuan Keuangan,129497187000.0,0.0,0.0,False,False
NTB,23,2026,6,Juni,42,Belanja Bantuan Keuangan,129497187000.0,4943500000.0,3.82,False,False
NTB,23,2026,7,Juli,43,Belanja Bantuan Keuangan,129497187000.0,13841750000.0,10.69,False,False
NTB,23,2026,8,Agustus,44,Belanja Bantuan Keuangan,129497187000.0,18941750000.0,14.63,False,False
NTB,23,2026,9,September,45,Belanja Bantuan Keuangan,129497187000.0,18941750000.0,14.63,False,True
NTB,23,2026,10,Oktober,46,Belanja Bantuan Keuangan,129497187000.0,18941750000.0,14.63,False,True
NTB,23,2026,11,November,47,Belanja Bantuan Keuangan,129497187000.0,18941750000.0,14.63,False,True
NTB,23,2026,12,Desember,48,Belanja Bantuan Keuangan,129497187000.0,18941750000.0,14.63,False,True
NTB,23,2023,1,Januari,1,Belanja Bantuan Sosial,12368200000.0,0.0,0.0,False,False
NTB,23,2023,2,Februari,2,Belanja Bantuan Sosial,12368200000.0,0.0,0.0,False,False
NTB,23,2023,3,Maret,3,Belanja Bantuan Sosial,12368200000.0,0.0,0.0,False,False
NTB,23,2023,4,April,4,Belanja Bantuan Sosial,12368200000.0,429750000.0,3.47,False,False
NTB,23,2023,5,Mei,5,Belanja Bantuan Sosial,12368200000.0,429750000.0,3.47,False,False
NTB,23,2023,6,Juni,6,Belanja Bantuan Sosial,12368200000.0,439750000.0,3.56,False,False
NTB,23,2023,7,Juli,7,Belanja Bantuan Sosial,12368200000.0,439750000.0,3.56,False,False
NTB,23,2023,8,Agustus,8,Belanja Bantuan Sosial,12368200000.0,439750000.0,3.56,False,False
NTB,23,2023,9,September,9,Belanja Bantuan Sosial,12368200000.0,439750000.0,3.56,False,False
NTB,23,2023,10,Oktober,10,Belanja Bantuan Sosial,12368200000.0,439750000.0,3.56,False,False
NTB,23,2023,11,November,11,Belanja Bantuan Sosial,12368200000.0,643750000.0,5.2,False,False
NTB,23,2023,12,Desember,12,Belanja Bantuan Sosial,12368200000.0,6379675500.0,51.58,False,False
NTB,23,2024,1,Januari,13,Belanja Bantuan Sosial,4103500000.0,0.0,0.0,False,False
NTB,23,2024,2,Februari,14,Belanja Bantuan Sosial,4103500000.0,0.0,0.0,False,False
NTB,23,2024,3,Maret,15,Belanja Bantuan Sosial,4103500000.0,0.0,0.0,False,False
NTB,23,2024,4,April,16,Belanja Bantuan Sosial,4103500000.0,301000000.0,7.34,False,False
NTB,23,2024,5,Mei,17,Belanja Bantuan Sosial,4103500000.0,301000000.0,7.34,False,False
NTB,23,2024,6,Juni,18,Belanja Bantuan Sosial,4103500000.0,301000000.0,7.34,False,False
NTB,23,2024,7,Juli,19,Belanja Bantuan Sosial,4103500000.0,301000000.0,7.34,False,False
NTB,23,2024,8,Agustus,20,Belanja Bantuan Sosial,4103500000.0,3441000000.0,83.86,False,False
NTB,23,2024,9,September,21,Belanja Bantuan Sosial,4103500000.0,3801500000.0,92.64,False,False
NTB,23,2024,10,Oktober,22,Belanja Bantuan Sosial,4103500000.0,3905000000.0,95.16,False,False
NTB,23,2024,11,November,23,Belanja Bantuan Sosial,4103500000.0,3915000000.0,95.41,False,False
NTB,23,2024,12,Desember,24,Belanja Bantuan Sosial,4103500000.0,7332000000.0,178.68,False,False
NTB,23,2025,1,Januari,25,Belanja Bantuan Sosial,4544500000.0,0.0,0.0,False,False
NTB,23,2025,2,Februari,26,Belanja Bantuan Sosial,4544500000.0,0.0,0.0,False,False
NTB,23,2025,3,Maret,27,Belanja Bantuan Sosial,4544500000.0,0.0,0.0,False,False
NTB,23,2025,4,April,28,Belanja Bantuan Sosial,4544500000.0,0.0,0.0,False,False
NTB,23,2025,5,Mei,29,Belanja Bantuan Sosial,4544500000.0,0.0,0.0,False,False
NTB,23,2025,6,Juni,30,Belanja Bantuan Sosial,4544500000.0,0.0,0.0,False,False
NTB,23,2025,7,Juli,31,Belanja Bantuan Sosial,4544500000.0,0.0,0.0,False,False
NTB,23,2025,8,Agustus,32,Belanja Bantuan Sosial,4544500000.0,0.0,0.0,False,False
NTB,23,2025,9,September,33,Belanja Bantuan Sosial,4544500000.0,0.0,0.0,False,False
NTB,23,2025,10,Oktober,34,Belanja Bantuan Sosial,4544500000.0,159500000.0,3.51,False,False
NTB,23,2025,11,November,35,Belanja Bantuan Sosial,4544500000.0,320000000.0,7.04,False,False
NTB,23,2025,12,Desember,36,Belanja Bantuan Sosial,4544500000.0,4690280000.0,103.21,False,False
NTB,23,2026,1,Januari,37,Belanja Bantuan Sosial,3702000000.0,0.0,0.0,False,False
NTB,23,2026,2,Februari,38,Belanja Bantuan Sosial,3702000000.0,0.0,0.0,False,False
NTB,23,2026,3,Maret,39,Belanja Bantuan Sosial,3702000000.0,0.0,0.0,False,False
NTB,23,2026,4,April,40,Belanja Bantuan Sosial,3702000000.0,0.0,0.0,False,False
NTB,23,2026,5,Mei,41,Belanja Bantuan Sosial,3702000000.0,0.0,0.0,False,False
NTB,23,2026,6,Juni,42,Belanja Bantuan Sosial,3702000000.0,0.0,0.0,False,False
NTB,23,2026,7,Juli,43,Belanja Bantuan Sosial,3702000000.0,0.0,0.0,False,False
NTB,23,2026,8,Agustus,44,Belanja Bantuan Sosial,3702000000.0,852500000.0,23.03,False,False
NTB,23,2026,9,September,45,Belanja Bantuan Sosial,3702000000.0,852500000.0,23.03,False,True
NTB,23,2026,10,Oktober,46,Belanja Bantuan Sosial,3702000000.0,852500000.0,23.03,False,True
NTB,23,2026,11,November,47,Belanja Bantuan Sosial,3702000000.0,852500000.0,23.03,False,True
NTB,23,2026,12,Desember,48,Belanja Bantuan Sosial,3702000000.0,852500000.0,23.03,False,True
NTB,23,2023,1,Januari,1,Belanja Barang dan Jasa,2070710182957.0,37440810670.41,1.81,False,False
NTB,23,2023,2,Februari,2,Belanja Barang dan Jasa,2070710182957.0,116205220080.03,5.61,False,False
NTB,23,2023,3,Maret,3,Belanja Barang dan Jasa,2070710182957.0,265335785469.26,12.81,False,False
NTB,23,2023,4,April,4,Belanja Barang dan Jasa,2070710182957.0,380102251267.56,18.36,False,False
NTB,23,2023,5,Mei,5,Belanja Barang dan Jasa,2070710182957.0,380102251267.56,18.36,False,False
NTB,23,2023,6,Juni,6,Belanja Barang dan Jasa,2070710182957.0,599869374648.62,28.97,False,False
NTB,23,2023,7,Juli,7,Belanja Barang dan Jasa,2070710182957.0,770915049810.91,37.23,False,False
NTB,23,2023,8,Agustus,8,Belanja Barang dan Jasa,2070710182957.0,906535947431.85,43.78,False,False
NTB,23,2023,9,September,9,Belanja Barang dan Jasa,2070710182957.0,1060091969094.9,51.19,False,False
NTB,23,2023,10,Oktober,10,Belanja Barang dan Jasa,2070710182957.0,1224727649734.9,59.15,False,False
NTB,23,2023,11,November,11,Belanja Barang dan Jasa,2070710182957.0,1430929994143.6,69.1,False,False
NTB,23,2023,12,Desember,12,Belanja Barang dan Jasa,2070710182957.0,1941588030042.7,93.76,False,False
NTB,23,2024,1,Januari,13,Belanja Barang dan Jasa,1912265474230.0,32393021510.44,1.69,False,False
NTB,23,2024,2,Februari,14,Belanja Barang dan Jasa,1912265474230.0,86367074247.59,4.52,False,False
NTB,23,2024,3,Maret,15,Belanja Barang dan Jasa,1912265474230.0,196215411679.04,10.26,False,False
NTB,23,2024,4,April,16,Belanja Barang dan Jasa,1912265474230.0,300375876486.52,15.71,False,False
NTB,23,2024,5,Mei,17,Belanja Barang dan Jasa,1912265474230.0,449683254831.69,23.52,False,False
NTB,23,2024,6,Juni,18,Belanja Barang dan Jasa,1912265474230.0,810465911526.16,42.38,False,False
NTB,23,2024,7,Juli,19,Belanja Barang dan Jasa,1912265474230.0,947491990724.45,49.55,False,False
NTB,23,2024,8,Agustus,20,Belanja Barang dan Jasa,1912265474230.0,1127823851951.6,58.98,False,False
NTB,23,2024,9,September,21,Belanja Barang dan Jasa,1912265474230.0,1327991825365.8,69.45,False,False
NTB,23,2024,10,Oktober,22,Belanja Barang dan Jasa,1912265474230.0,1534684366606.1,80.25,False,False
NTB,23,2024,11,November,23,Belanja Barang dan Jasa,1912265474230.0,1743973487734.7,91.2,False,False
NTB,23,2024,12,Desember,24,Belanja Barang dan Jasa,1912265474230.0,2343702423204.5,122.56,False,False
NTB,23,2025,1,Januari,25,Belanja Barang dan Jasa,1976462909994.0,37467749918.68,1.9,False,False
NTB,23,2025,2,Februari,26,Belanja Barang dan Jasa,1976462909994.0,120080158086.52,6.08,False,False
NTB,23,2025,3,Maret,27,Belanja Barang dan Jasa,1976462909994.0,272335155744.46,13.78,False,False
NTB,23,2025,4,April,28,Belanja Barang dan Jasa,1976462909994.0,359156449757.94,18.17,False,False
NTB,23,2025,5,Mei,29,Belanja Barang dan Jasa,1976462909994.0,469008705342.91,23.73,False,False
NTB,23,2025,6,Juni,30,Belanja Barang dan Jasa,1976462909994.0,688695772187.94,34.84,False,False
NTB,23,2025,7,Juli,31,Belanja Barang dan Jasa,1976462909994.0,811841646802.77,41.08,False,False
NTB,23,2025,8,Agustus,32,Belanja Barang dan Jasa,1976462909994.0,922564983979.09,46.68,False,False
NTB,23,2025,9,September,33,Belanja Barang dan Jasa,1976462909994.0,1062611901548.4,53.76,False,False
NTB,23,2025,10,Oktober,34,Belanja Barang dan Jasa,1976462909994.0,1269051062649.7,64.21,False,False
NTB,23,2025,11,November,35,Belanja Barang dan Jasa,1976462909994.0,1502525217989.5,76.02,False,False
NTB,23,2025,12,Desember,36,Belanja Barang dan Jasa,1976462909994.0,2146086547700.7,108.58,False,False
NTB,23,2026,1,Januari,37,Belanja Barang dan Jasa,2116799580500.0,13880348476.0,0.66,False,False
NTB,23,2026,2,Februari,38,Belanja Barang dan Jasa,2116799580500.0,31807269658.0,1.5,False,False
NTB,23,2026,3,Maret,39,Belanja Barang dan Jasa,2116799580500.0,127354001655.5,6.02,False,False
NTB,23,2026,4,April,40,Belanja Barang dan Jasa,2116799580500.0,200151144679.5,9.46,False,False
NTB,23,2026,5,Mei,41,Belanja Barang dan Jasa,2116799580500.0,237479970745.5,11.22,False,False
NTB,23,2026,6,Juni,42,Belanja Barang dan Jasa,2116799580500.0,767308593847.24,36.25,False,False
NTB,23,2026,7,Juli,43,Belanja Barang dan Jasa,2116799580500.0,850799311110.24,40.19,False,False
NTB,23,2026,8,Agustus,44,Belanja Barang dan Jasa,2116799580500.0,924834954795.24,43.69,False,False
NTB,23,2026,9,September,45,Belanja Barang dan Jasa,2116799580500.0,952712846816.24,45.01,False,False
NTB,23,2026,10,Oktober,46,Belanja Barang dan Jasa,2116799580500.0,952712846816.24,45.01,False,True
NTB,23,2026,11,November,47,Belanja Barang dan Jasa,2116799580500.0,952712846816.24,45.01,False,True
NTB,23,2026,12,Desember,48,Belanja Barang dan Jasa,2116799580500.0,952712846816.24,45.01,False,True
NTB,23,2023,1,Januari,1,Belanja Bunga,55321837234.0,7042339891.0,12.73,False,False
NTB,23,2023,2,Februari,2,Belanja Bunga,55321837234.0,10589585727.0,19.14,False,False
NTB,23,2023,3,Maret,3,Belanja Bunga,55321837234.0,14516893617.0,26.24,False,False
NTB,23,2023,4,April,4,Belanja Bunga,55321837234.0,18317514156.0,33.11,False,False
NTB,23,2023,5,Mei,5,Belanja Bunga,55321837234.0,18317514156.0,33.11,False,False
NTB,23,2023,6,Juni,6,Belanja Bunga,55321837234.0,22118134695.0,39.98,False,False
NTB,23,2023,7,Juli,7,Belanja Bunga,55321837234.0,26045442585.0,47.08,False,False
NTB,23,2023,8,Agustus,8,Belanja Bunga,55321837234.0,29972750475.0,54.18,False,False
NTB,23,2023,9,September,9,Belanja Bunga,55321837234.0,35837232892.0,64.78,False,False
NTB,23,2023,10,Oktober,10,Belanja Bunga,55321837234.0,39678184379.0,71.72,False,False
NTB,23,2023,11,November,11,Belanja Bunga,55321837234.0,43475190714.0,78.59,False,False
NTB,23,2023,12,Desember,12,Belanja Bunga,55321837234.0,43475189978.0,78.59,False,True
NTB,23,2024,1,Januari,13,Belanja Bunga,42226714128.0,3869026505.0,9.16,False,False
NTB,23,2024,2,Februari,14,Belanja Bunga,42226714128.0,12194798350.0,28.88,False,False
NTB,23,2024,3,Maret,15,Belanja Bunga,42226714128.0,15900187014.0,37.65,False,False
NTB,23,2024,4,April,16,Belanja Bunga,42226714128.0,19433260610.0,46.02,False,False
NTB,23,2024,5,Mei,17,Belanja Bunga,42226714128.0,23717091164.69,56.17,False,False
NTB,23,2024,6,Juni,18,Belanja Bunga,42226714128.0,27144591959.69,64.28,False,False
NTB,23,2024,7,Juli,19,Belanja Bunga,42226714128.0,30631796833.69,72.54,False,False
NTB,23,2024,8,Agustus,20,Belanja Bunga,42226714128.0,34064455759.69,80.67,False,False
NTB,23,2024,9,September,21,Belanja Bunga,42226714128.0,38327530455.69,90.77,False,False
NTB,23,2024,10,Oktober,22,Belanja Bunga,42226714128.0,41651097488.69,98.64,False,False
NTB,23,2024,11,November,23,Belanja Bunga,42226714128.0,44814666280.69,106.13,False,False
NTB,23,2024,12,Desember,24,Belanja Bunga,42226714128.0,46602880944.69,110.36,False,False
NTB,23,2025,1,Januari,25,Belanja Bunga,34956621056.0,6374404328.0,18.24,False,False
NTB,23,2025,2,Februari,26,Belanja Bunga,34956621056.0,9179266613.0,26.26,False,False
NTB,23,2025,3,Maret,27,Belanja Bunga,34956621056.0,12230103910.0,34.99,False,False
NTB,23,2025,4,April,28,Belanja Bunga,34956621056.0,15129740700.0,43.28,False,False
NTB,23,2025,5,Mei,29,Belanja Bunga,34956621056.0,18071486102.0,51.7,False,False
NTB,23,2025,6,Juni,30,Belanja Bunga,34956621056.0,20865550090.0,59.69,False,False
NTB,23,2025,7,Juli,31,Belanja Bunga,34956621056.0,23698203596.0,67.79,False,False
NTB,23,2025,8,Agustus,32,Belanja Bunga,34956621056.0,26476311156.0,75.74,False,False
NTB,23,2025,9,September,33,Belanja Bunga,34956621056.0,30076224413.0,86.04,False,False
NTB,23,2025,10,Oktober,34,Belanja Bunga,34956621056.0,32745240078.0,93.67,False,False
NTB,23,2025,11,November,35,Belanja Bunga,34956621056.0,35275372063.0,100.91,False,False
NTB,23,2025,12,Desember,36,Belanja Bunga,34956621056.0,35275372063.0,100.91,False,True
NTB,23,2026,1,Januari,37,Belanja Bunga,25993780957.0,5065301593.0,19.49,False,False
NTB,23,2026,2,Februari,38,Belanja Bunga,25993780957.0,7278956191.0,28.0,False,False
NTB,23,2026,3,Maret,39,Belanja Bunga,25993780957.0,9675242120.0,37.22,False,False
NTB,23,2026,4,April,40,Belanja Bunga,25993780957.0,11941442101.0,45.94,False,False
NTB,23,2026,5,Mei,41,Belanja Bunga,25993780957.0,14228636135.0,54.74,False,False
NTB,23,2026,6,Juni,42,Belanja Bunga,25993780957.0,14228636135.0,54.74,False,True
NTB,23,2026,7,Juli,43,Belanja Bunga,25993780957.0,14228636135.0,54.74,False,True
NTB,23,2026,8,Agustus,44,Belanja Bunga,25993780957.0,14228636135.0,54.74,False,True
NTB,23,2026,9,September,45,Belanja Bunga,25993780957.0,14228636135.0,54.74,False,True
NTB,23,2026,10,Oktober,46,Belanja Bunga,25993780957.0,14228636135.0,54.74,False,True
NTB,23,2026,11,November,47,Belanja Bunga,25993780957.0,14228636135.0,54.74,False,True
NTB,23,2026,12,Desember,48,Belanja Bunga,25993780957.0,14228636135.0,54.74,False,True
NTB,23,2023,1,Januari,1,Belanja Daerah,5991980923513.0,158169970756.41,2.64,False,False
NTB,23,2023,2,Februari,2,Belanja Daerah,5991980923513.0,398089096998.03,6.64,False,False
NTB,23,2023,3,Maret,3,Belanja Daerah,5991980923513.0,710248712563.26,11.85,False,False
NTB,23,2023,4,April,4,Belanja Daerah,5991980923513.0,1086925727627.6,18.14,False,False
NTB,23,2023,5,Mei,5,Belanja Daerah,5991980923513.0,1086925727627.6,18.14,False,False
NTB,23,2023,6,Juni,6,Belanja Daerah,5991980923513.0,1540532569365.6,25.71,False,False
NTB,23,2023,7,Juli,7,Belanja Daerah,5991980923513.0,2069375872416.9,34.54,False,False
NTB,23,2023,8,Agustus,8,Belanja Daerah,5991980923513.0,2435752131731.8,40.65,False,False
NTB,23,2023,9,September,9,Belanja Daerah,5991980923513.0,2792213299775.9,46.6,False,False
NTB,23,2023,10,Oktober,10,Belanja Daerah,5991980923513.0,3379068973873.4,56.39,False,False
NTB,23,2023,11,November,11,Belanja Daerah,5991980923513.0,3926461624264.1,65.53,False,False
NTB,23,2023,12,Desember,12,Belanja Daerah,5991980923513.0,5081535565147.2,84.81,False,False
NTB,23,2024,1,Januari,13,Belanja Daerah,6108572143903.0,145813124670.44,2.39,False,False
NTB,23,2024,2,Februari,14,Belanja Daerah,6108572143903.0,342793122062.59,5.61,False,False
NTB,23,2024,3,Maret,15,Belanja Daerah,6108572143903.0,753199669189.04,12.33,False,False
NTB,23,2024,4,April,16,Belanja Daerah,6108572143903.0,1077545767845.5,17.64,False,False
NTB,23,2024,5,Mei,17,Belanja Daerah,6108572143903.0,1843706768461.4,30.18,False,False
NTB,23,2024,6,Juni,18,Belanja Daerah,6108572143903.0,2493385212288.8,40.82,False,False
NTB,23,2024,7,Juli,19,Belanja Daerah,6108572143903.0,3240717820128.1,53.05,False,False
NTB,23,2024,8,Agustus,20,Belanja Daerah,6108572143903.0,3654228557261.3,59.82,False,False
NTB,23,2024,9,September,21,Belanja Daerah,6108572143903.0,4024705377297.5,65.89,False,False
NTB,23,2024,10,Oktober,22,Belanja Daerah,6108572143903.0,4659768804886.8,76.28,False,False
NTB,23,2024,11,November,23,Belanja Daerah,6108572143903.0,5219294816623.4,85.44,False,False
NTB,23,2024,12,Desember,24,Belanja Daerah,6108572143903.0,6524655104542.3,106.81,False,False
NTB,23,2025,1,Januari,25,Belanja Daerah,6232609687383.0,165758425853.68,2.66,False,False
NTB,23,2025,2,Februari,26,Belanja Daerah,6232609687383.0,378033997548.52,6.07,False,False
NTB,23,2025,3,Maret,27,Belanja Daerah,6232609687383.0,991914499042.46,15.91,False,False
NTB,23,2025,4,April,28,Belanja Daerah,6232609687383.0,1262346089209.9,20.25,False,False
NTB,23,2025,5,Mei,29,Belanja Daerah,6232609687383.0,1759319879354.3,28.23,False,False
NTB,23,2025,6,Juni,30,Belanja Daerah,6232609687383.0,2367614128512.3,37.99,False,False
NTB,23,2025,7,Juli,31,Belanja Daerah,6232609687383.0,2831908490963.2,45.44,False,False
NTB,23,2025,8,Agustus,32,Belanja Daerah,6232609687383.0,3253868361719.5,52.21,False,False
NTB,23,2025,9,September,33,Belanja Daerah,6232609687383.0,3560248418052.8,57.12,False,False
NTB,23,2025,10,Oktober,34,Belanja Daerah,6232609687383.0,4177476506400.1,67.03,False,False
NTB,23,2025,11,November,35,Belanja Daerah,6232609687383.0,4787631827553.8,76.82,False,False
NTB,23,2025,12,Desember,36,Belanja Daerah,6232609687383.0,6051301863830.4,97.09,False,False
NTB,23,2026,1,Januari,37,Belanja Daerah,5733692753450.0,127258998786.0,2.22,False,False
NTB,23,2026,2,Februari,38,Belanja Daerah,5733692753450.0,318863040892.0,5.56,False,False
NTB,23,2026,3,Maret,39,Belanja Daerah,5733692753450.0,681117772946.5,11.88,False,False
NTB,23,2026,4,April,40,Belanja Daerah,5733692753450.0,996629682884.5,17.38,False,False
NTB,23,2026,5,Mei,41,Belanja Daerah,5733692753450.0,1265443938623.5,22.07,False,False
NTB,23,2026,6,Juni,42,Belanja Daerah,5733692753450.0,2310445356225.2,40.3,False,False
NTB,23,2026,7,Juli,43,Belanja Daerah,5733692753450.0,2758531014162.2,48.11,False,False
NTB,23,2026,8,Agustus,44,Belanja Daerah,5733692753450.0,2982259307569.2,52.01,False,False
NTB,23,2026,9,September,45,Belanja Daerah,5733692753450.0,3108546610799.2,54.22,False,False
NTB,23,2026,10,Oktober,46,Belanja Daerah,5733692753450.0,3108546610799.2,54.22,False,True
NTB,23,2026,11,November,47,Belanja Daerah,5733692753450.0,3108546610799.2,54.22,False,True
NTB,23,2026,12,Desember,48,Belanja Daerah,5733692753450.0,3108546610799.2,54.22,False,True
NTB,23,2023,1,Januari,1,Belanja Hibah,164778914600.0,0.0,0.0,False,False
NTB,23,2023,2,Februari,2,Belanja Hibah,164778914600.0,9900000000.0,6.01,False,False
NTB,23,2023,3,Maret,3,Belanja Hibah,164778914600.0,12370000000.0,7.51,False,False
NTB,23,2023,4,April,4,Belanja Hibah,164778914600.0,13060000000.0,7.93,False,False
NTB,23,2023,5,Mei,5,Belanja Hibah,164778914600.0,13060000000.0,7.93,False,False
NTB,23,2023,6,Juni,6,Belanja Hibah,164778914600.0,13260000000.0,8.05,False,False
NTB,23,2023,7,Juli,7,Belanja Hibah,164778914600.0,16832424400.0,10.22,False,False
NTB,23,2023,8,Agustus,8,Belanja Hibah,164778914600.0,20183378400.0,12.25,False,False
NTB,23,2023,9,September,9,Belanja Hibah,164778914600.0,23581185600.0,14.31,False,False
NTB,23,2023,10,Oktober,10,Belanja Hibah,164778914600.0,24081185600.0,14.61,False,False
NTB,23,2023,11,November,11,Belanja Hibah,164778914600.0,84517185600.0,51.29,False,False
NTB,23,2023,12,Desember,12,Belanja Hibah,164778914600.0,222768726733.0,135.19,False,False
NTB,23,2024,1,Januari,13,Belanja Hibah,235983814600.0,0.0,0.0,False,False
NTB,23,2024,2,Februari,14,Belanja Hibah,235983814600.0,0.0,0.0,False,False
NTB,23,2024,3,Maret,15,Belanja Hibah,235983814600.0,3905000000.0,1.65,False,False
NTB,23,2024,4,April,16,Belanja Hibah,235983814600.0,14430000000.0,6.11,False,False
NTB,23,2024,5,Mei,17,Belanja Hibah,235983814600.0,119930000000.0,50.82,False,False
NTB,23,2024,6,Juni,18,Belanja Hibah,235983814600.0,124930000000.0,52.94,False,False
NTB,23,2024,7,Juli,19,Belanja Hibah,235983814600.0,174561682133.0,73.97,False,False
NTB,23,2024,8,Agustus,20,Belanja Hibah,235983814600.0,198221095733.0,84.0,False,False
NTB,23,2024,9,September,21,Belanja Hibah,235983814600.0,200594987733.0,85.0,False,False
NTB,23,2024,10,Oktober,22,Belanja Hibah,235983814600.0,204794987733.0,86.78,False,False
NTB,23,2024,11,November,23,Belanja Hibah,235983814600.0,205643640533.0,87.14,False,False
NTB,23,2024,12,Desember,24,Belanja Hibah,235983814600.0,295516952224.0,125.23,False,False
NTB,23,2025,1,Januari,25,Belanja Hibah,122393961243.0,1040000000.0,0.85,False,False
NTB,23,2025,2,Februari,26,Belanja Hibah,122393961243.0,1040000000.0,0.85,False,False
NTB,23,2025,3,Maret,27,Belanja Hibah,122393961243.0,35648013800.0,29.13,False,False
NTB,23,2025,4,April,28,Belanja Hibah,122393961243.0,36087513800.0,29.48,False,False
NTB,23,2025,5,Mei,29,Belanja Hibah,122393961243.0,36287513800.0,29.65,False,False
NTB,23,2025,6,Juni,30,Belanja Hibah,122393961243.0,40309448800.0,32.93,False,False
NTB,23,2025,7,Juli,31,Belanja Hibah,122393961243.0,71539448800.0,58.45,False,False
NTB,23,2025,8,Agustus,32,Belanja Hibah,122393961243.0,107220477200.0,87.6,False,False
NTB,23,2025,9,September,33,Belanja Hibah,122393961243.0,110038917650.0,89.91,False,False
NTB,23,2025,10,Oktober,34,Belanja Hibah,122393961243.0,114284972493.0,93.37,False,False
NTB,23,2025,11,November,35,Belanja Hibah,122393961243.0,117247772093.0,95.8,False,False
NTB,23,2025,12,Desember,36,Belanja Hibah,122393961243.0,130100113917.0,106.3,False,False
NTB,23,2026,1,Januari,37,Belanja Hibah,112847885430.0,0.0,0.0,False,False
NTB,23,2026,2,Februari,38,Belanja Hibah,112847885430.0,1090000000.0,0.97,False,False
NTB,23,2026,3,Maret,39,Belanja Hibah,112847885430.0,1090000000.0,0.97,False,False
NTB,23,2026,4,April,40,Belanja Hibah,112847885430.0,3777000000.0,3.35,False,False
NTB,23,2026,5,Mei,41,Belanja Hibah,112847885430.0,14010020000.0,12.41,False,False
NTB,23,2026,6,Juni,42,Belanja Hibah,112847885430.0,16458758000.0,14.58,False,False
NTB,23,2026,7,Juli,43,Belanja Hibah,112847885430.0,29337599030.0,26.0,False,False
NTB,23,2026,8,Agustus,44,Belanja Hibah,112847885430.0,30967633030.0,27.44,False,False
NTB,23,2026,9,September,45,Belanja Hibah,112847885430.0,31242416230.0,27.69,False,False
NTB,23,2026,10,Oktober,46,Belanja Hibah,112847885430.0,31242416230.0,27.69,False,True
NTB,23,2026,11,November,47,Belanja Hibah,112847885430.0,31242416230.0,27.69,False,True
NTB,23,2026,12,Desember,48,Belanja Hibah,112847885430.0,31242416230.0,27.69,False,True
NTB,23,2023,1,Januari,1,Belanja Lainnya,1308827272134.0,30781343660.0,2.35,False,False
NTB,23,2023,2,Februari,2,Belanja Lainnya,1308827272134.0,96437566755.0,7.37,False,False
NTB,23,2023,3,Maret,3,Belanja Lainnya,1308827272134.0,102864638595.0,7.86,False,False
NTB,23,2023,4,April,4,Belanja Lainnya,1308827272134.0,107795009134.0,8.24,False,False
NTB,23,2023,5,Mei,5,Belanja Lainnya,1308827272134.0,107795009134.0,8.24,False,False
NTB,23,2023,6,Juni,6,Belanja Lainnya,1308827272134.0,111840629673.0,8.55,False,False
NTB,23,2023,7,Juli,7,Belanja Lainnya,1308827272134.0,269427636087.0,20.59,False,False
NTB,23,2023,8,Agustus,8,Belanja Lainnya,1308827272134.0,312032005576.0,23.84,False,False
NTB,23,2023,9,September,9,Belanja Lainnya,1308827272134.0,350877924489.0,26.81,False,False
NTB,23,2023,10,Oktober,10,Belanja Lainnya,1308827272134.0,574080782558.0,43.86,False,False
NTB,23,2023,11,November,11,Belanja Lainnya,1308827272134.0,689669506306.0,52.69,False,False
NTB,23,2023,12,Desember,12,Belanja Lainnya,1308827272134.0,943851179319.0,72.11,False,False
NTB,23,2024,1,Januari,13,Belanja Lainnya,1449969248328.0,3869026505.0,0.27,False,False
NTB,23,2024,2,Februari,14,Belanja Lainnya,1449969248328.0,39564490257.0,2.73,False,False
NTB,23,2024,3,Maret,15,Belanja Lainnya,1449969248328.0,107037630415.0,7.38,False,False
NTB,23,2024,4,April,16,Belanja Lainnya,1449969248328.0,121396704011.0,8.37,False,False
NTB,23,2024,5,Mei,17,Belanja Lainnya,1449969248328.0,494798150221.69,34.12,False,False
NTB,23,2024,6,Juni,18,Belanja Lainnya,1449969248328.0,503225651016.69,34.71,False,False
NTB,23,2024,7,Juli,19,Belanja Lainnya,1449969248328.0,780775187465.69,53.85,False,False
NTB,23,2024,8,Agustus,20,Belanja Lainnya,1449969248328.0,811007259991.69,55.93,False,False
NTB,23,2024,9,September,21,Belanja Lainnya,1449969248328.0,818068226687.69,56.42,False,False
NTB,23,2024,10,Oktober,22,Belanja Lainnya,1449969248328.0,1007403897220.7,69.48,False,False
NTB,23,2024,11,November,23,Belanja Lainnya,1449969248328.0,1104118599690.7,76.15,False,False
NTB,23,2024,12,Desember,24,Belanja Lainnya,1449969248328.0,1325695142341.7,91.43,False,False
NTB,23,2025,1,Januari,25,Belanja Lainnya,1349640693306.0,7414404328.0,0.55,False,False
NTB,23,2025,2,Februari,26,Belanja Lainnya,1349640693306.0,10259266613.0,0.76,False,False
NTB,23,2025,3,Maret,27,Belanja Lainnya,1349640693306.0,155992657955.0,11.56,False,False
NTB,23,2025,4,April,28,Belanja Lainnya,1349640693306.0,159331794745.0,11.81,False,False
NTB,23,2025,5,Mei,29,Belanja Lainnya,1349640693306.0,379992235756.0,28.16,False,False
NTB,23,2025,6,Juni,30,Belanja Lainnya,1349640693306.0,390120277910.0,28.91,False,False
NTB,23,2025,7,Juli,31,Belanja Lainnya,1349640693306.0,531851657897.0,39.41,False,False
NTB,23,2025,8,Agustus,32,Belanja Lainnya,1349640693306.0,641504938293.0,47.53,False,False
NTB,23,2025,9,September,33,Belanja Lainnya,1349640693306.0,648264445371.0,48.03,False,False
NTB,23,2025,10,Oktober,34,Belanja Lainnya,1349640693306.0,837137423817.0,62.03,False,False
NTB,23,2025,11,November,35,Belanja Lainnya,1349640693306.0,843373611300.0,62.49,False,False
NTB,23,2025,12,Desember,36,Belanja Lainnya,1349640693306.0,1015825836975.0,75.27,False,False
NTB,23,2026,1,Januari,37,Belanja Lainnya,1090352751226.0,5065301593.0,0.46,False,False
NTB,23,2026,2,Februari,38,Belanja Lainnya,1090352751226.0,8368956191.0,0.77,False,False
NTB,23,2026,3,Maret,39,Belanja Lainnya,1090352751226.0,25427395281.0,2.33,False,False
NTB,23,2026,4,April,40,Belanja Lainnya,1090352751226.0,137714799128.0,12.63,False,False
NTB,23,2026,5,Mei,41,Belanja Lainnya,1090352751226.0,245166639969.0,22.49,False,False
NTB,23,2026,6,Juni,42,Belanja Lainnya,1090352751226.0,252558877969.0,23.16,False,False
NTB,23,2026,7,Juli,43,Belanja Lainnya,1090352751226.0,476286308146.0,43.68,False,False
NTB,23,2026,8,Agustus,44,Belanja Lainnya,1090352751226.0,483868842146.0,44.38,False,False
NTB,23,2026,9,September,45,Belanja Lainnya,1090352751226.0,484143625346.0,44.4,False,False
NTB,23,2026,10,Oktober,46,Belanja Lainnya,1090352751226.0,484143625346.0,44.4,False,True
NTB,23,2026,11,November,47,Belanja Lainnya,1090352751226.0,484143625346.0,44.4,False,True
NTB,23,2026,12,Desember,48,Belanja Lainnya,1090352751226.0,484143625346.0,44.4,False,True
NTB,23,2023,1,Januari,1,Belanja Modal,536715280910.0,345082500.0,0.06,False,False
NTB,23,2023,2,Februari,2,Belanja Modal,536715280910.0,2315989148.0,0.43,False,False
NTB,23,2023,3,Maret,3,Belanja Modal,536715280910.0,46589292800.0,8.68,False,False
NTB,23,2023,4,April,4,Belanja Modal,536715280910.0,58564043820.0,10.91,False,False
NTB,23,2023,5,Mei,5,Belanja Modal,536715280910.0,58564043820.0,10.91,False,False
NTB,23,2023,6,Juni,6,Belanja Modal,536715280910.0,106072520213.0,19.76,False,False
NTB,23,2023,7,Juli,7,Belanja Modal,536715280910.0,149922579197.0,27.93,False,False
NTB,23,2023,8,Agustus,8,Belanja Modal,536715280910.0,201060472710.0,37.46,False,False
NTB,23,2023,9,September,9,Belanja Modal,536715280910.0,246611619511.0,45.95,False,False
NTB,23,2023,10,Oktober,10,Belanja Modal,536715280910.0,307762885806.5,57.34,False,False
NTB,23,2023,11,November,11,Belanja Modal,536715280910.0,355435725962.5,66.22,False,False
NTB,23,2023,12,Desember,12,Belanja Modal,536715280910.0,513867447065.5,95.74,False,False
NTB,23,2024,1,Januari,13,Belanja Modal,488653452150.0,3036000.0,0.0,False,False
NTB,23,2024,2,Februari,14,Belanja Modal,488653452150.0,3397732752.0,0.7,False,False
NTB,23,2024,3,Maret,15,Belanja Modal,488653452150.0,19811924070.0,4.05,False,False
NTB,23,2024,4,April,16,Belanja Modal,488653452150.0,37511870515.0,7.68,False,False
NTB,23,2024,5,Mei,17,Belanja Modal,488653452150.0,61280289663.0,12.54,False,False
NTB,23,2024,6,Juni,18,Belanja Modal,488653452150.0,108907895081.0,22.29,False,False
NTB,23,2024,7,Juli,19,Belanja Modal,488653452150.0,147272783121.0,30.14,False,False
NTB,23,2024,8,Agustus,20,Belanja Modal,488653452150.0,201148292738.0,41.16,False,False
NTB,23,2024,9,September,21,Belanja Modal,488653452150.0,228249863413.0,46.71,False,False
NTB,23,2024,10,Oktober,22,Belanja Modal,488653452150.0,304532537438.0,62.32,False,False
NTB,23,2024,11,November,23,Belanja Modal,488653452150.0,352903353026.0,72.22,False,False
NTB,23,2024,12,Desember,24,Belanja Modal,488653452150.0,520804751497.51,106.58,False,False
NTB,23,2025,1,Januari,25,Belanja Modal,485983845112.0,58821000.0,0.01,False,False
NTB,23,2025,2,Februari,26,Belanja Modal,485983845112.0,4844791570.0,1.0,False,False
NTB,23,2025,3,Maret,27,Belanja Modal,485983845112.0,9473021821.0,1.95,False,False
NTB,23,2025,4,April,28,Belanja Modal,485983845112.0,20604590018.0,4.24,False,False
NTB,23,2025,5,Mei,29,Belanja Modal,485983845112.0,31330638125.0,6.45,False,False
NTB,23,2025,6,Juni,30,Belanja Modal,485983845112.0,47286590775.0,9.73,False,False
NTB,23,2025,7,Juli,31,Belanja Modal,485983845112.0,97912225476.0,20.15,False,False
NTB,23,2025,8,Agustus,32,Belanja Modal,485983845112.0,144200145987.0,29.67,False,False
NTB,23,2025,9,September,33,Belanja Modal,485983845112.0,162473367100.0,33.43,False,False
NTB,23,2025,10,Oktober,34,Belanja Modal,485983845112.0,210587502470.0,43.33,False,False
NTB,23,2025,11,November,35,Belanja Modal,485983845112.0,290476296083.0,59.77,False,False
NTB,23,2025,12,Desember,36,Belanja Modal,485983845112.0,536116828585.0,110.32,False,False
NTB,23,2026,1,Januari,37,Belanja Modal,193485945699.0,0.0,0.0,False,False
NTB,23,2026,2,Februari,38,Belanja Modal,193485945699.0,0.0,0.0,False,False
NTB,23,2026,3,Maret,39,Belanja Modal,193485945699.0,145346899.0,0.08,False,False
NTB,23,2026,4,April,40,Belanja Modal,193485945699.0,161527444.0,0.08,False,False
NTB,23,2026,5,Mei,41,Belanja Modal,193485945699.0,1182813310.0,0.61,False,False
NTB,23,2026,6,Juni,42,Belanja Modal,193485945699.0,57001552219.0,29.46,False,False
NTB,23,2026,7,Juli,43,Belanja Modal,193485945699.0,62675577777.0,32.39,False,False
NTB,23,2026,8,Agustus,44,Belanja Modal,193485945699.0,72628074925.0,37.54,False,False
NTB,23,2026,9,September,45,Belanja Modal,193485945699.0,75364640747.0,38.95,False,False
NTB,23,2026,10,Oktober,46,Belanja Modal,193485945699.0,75364640747.0,38.95,False,True
NTB,23,2026,11,November,47,Belanja Modal,193485945699.0,75364640747.0,38.95,False,True
NTB,23,2026,12,Desember,48,Belanja Modal,193485945699.0,75364640747.0,38.95,False,True
NTB,23,2023,1,Januari,1,Belanja Pegawai,2075728187512.0,89602733926.0,4.32,False,False
NTB,23,2023,2,Februari,2,Belanja Pegawai,2075728187512.0,183130321015.0,8.82,False,False
NTB,23,2023,3,Maret,3,Belanja Pegawai,2075728187512.0,295458995699.0,14.23,False,False
NTB,23,2023,4,April,4,Belanja Pegawai,2075728187512.0,540464423406.0,26.04,False,False
NTB,23,2023,5,Mei,5,Belanja Pegawai,2075728187512.0,540464423406.0,26.04,False,False
NTB,23,2023,6,Juni,6,Belanja Pegawai,2075728187512.0,722750044831.0,34.82,False,False
NTB,23,2023,7,Juli,7,Belanja Pegawai,2075728187512.0,879110607322.0,42.35,False,False
NTB,23,2023,8,Agustus,8,Belanja Pegawai,2075728187512.0,1016123706014.0,48.95,False,False
NTB,23,2023,9,September,9,Belanja Pegawai,2075728187512.0,1134631786681.0,54.66,False,False
NTB,23,2023,10,Oktober,10,Belanja Pegawai,2075728187512.0,1272497655774.0,61.3,False,False
NTB,23,2023,11,November,11,Belanja Pegawai,2075728187512.0,1450426397852.0,69.88,False,False
NTB,23,2023,12,Desember,12,Belanja Pegawai,2075728187512.0,1682228908720.0,81.04,False,False
NTB,23,2024,1,Januari,13,Belanja Pegawai,2257683969195.0,109548040655.0,4.85,False,False
NTB,23,2024,2,Februari,14,Belanja Pegawai,2257683969195.0,213463824806.0,9.45,False,False
NTB,23,2024,3,Maret,15,Belanja Pegawai,2257683969195.0,430134703025.0,19.05,False,False
NTB,23,2024,4,April,16,Belanja Pegawai,2257683969195.0,618261316833.0,27.38,False,False
NTB,23,2024,5,Mei,17,Belanja Pegawai,2257683969195.0,837945073745.0,37.12,False,False
NTB,23,2024,6,Juni,18,Belanja Pegawai,2257683969195.0,1070785754665.0,47.43,False,False
NTB,23,2024,7,Juli,19,Belanja Pegawai,2257683969195.0,1365177858817.0,60.47,False,False
NTB,23,2024,8,Agustus,20,Belanja Pegawai,2257683969195.0,1514249152580.0,67.07,False,False
NTB,23,2024,9,September,21,Belanja Pegawai,2257683969195.0,1650395461831.0,73.1,False,False
NTB,23,2024,10,Oktober,22,Belanja Pegawai,2257683969195.0,1813148003622.0,80.31,False,False
NTB,23,2024,11,November,23,Belanja Pegawai,2257683969195.0,2018299376172.0,89.4,False,False
NTB,23,2024,12,Desember,24,Belanja Pegawai,2257683969195.0,2334452787498.6,103.4,False,False
NTB,23,2025,1,Januari,25,Belanja Pegawai,2420522238971.0,120817450607.0,4.99,False,False
NTB,23,2025,2,Februari,26,Belanja Pegawai,2420522238971.0,242849781279.0,10.03,False,False
NTB,23,2025,3,Maret,27,Belanja Pegawai,2420522238971.0,554113663522.0,22.89,False,False
NTB,23,2025,4,April,28,Belanja Pegawai,2420522238971.0,723253254689.0,29.88,False,False
NTB,23,2025,5,Mei,29,Belanja Pegawai,2420522238971.0,878988300130.4,36.31,False,False
NTB,23,2025,6,Juni,30,Belanja Pegawai,2420522238971.0,1241511487639.4,51.29,False,False
NTB,23,2025,7,Juli,31,Belanja Pegawai,2420522238971.0,1390302960787.4,57.44,False,False
NTB,23,2025,8,Agustus,32,Belanja Pegawai,2420522238971.0,1545598293460.4,63.85,False,False
NTB,23,2025,9,September,33,Belanja Pegawai,2420522238971.0,1686898704033.4,69.69,False,False
NTB,23,2025,10,Oktober,34,Belanja Pegawai,2420522238971.0,1860700517463.4,76.87,False,False
NTB,23,2025,11,November,35,Belanja Pegawai,2420522238971.0,2151256702181.4,88.88,False,False
NTB,23,2025,12,Desember,36,Belanja Pegawai,2420522238971.0,2353272650569.7,97.22,False,False
NTB,23,2026,1,Januari,37,Belanja Pegawai,2333054476025.0,108313348717.0,4.64,False,False
NTB,23,2026,2,Februari,38,Belanja Pegawai,2333054476025.0,278686815043.0,11.95,False,False
NTB,23,2026,3,Maret,39,Belanja Pegawai,2333054476025.0,528191029111.0,22.64,False,False
NTB,23,2026,4,April,40,Belanja Pegawai,2333054476025.0,658602211633.0,28.23,False,False
NTB,23,2026,5,Mei,41,Belanja Pegawai,2333054476025.0,781614514599.0,33.5,False,False
NTB,23,2026,6,Juni,42,Belanja Pegawai,2333054476025.0,1233576332190.0,52.87,False,False
NTB,23,2026,7,Juli,43,Belanja Pegawai,2333054476025.0,1368769817129.0,58.67,False,False
NTB,23,2026,8,Agustus,44,Belanja Pegawai,2333054476025.0,1500927435703.0,64.33,False,False
NTB,23,2026,9,September,45,Belanja Pegawai,2333054476025.0,1596325497890.0,68.42,False,False
NTB,23,2026,10,Oktober,46,Belanja Pegawai,2333054476025.0,1596325497890.0,68.42,False,True
NTB,23,2026,11,November,47,Belanja Pegawai,2333054476025.0,1596325497890.0,68.42,False,True
NTB,23,2026,12,Desember,48,Belanja Pegawai,2333054476025.0,1596325497890.0,68.42,False,True
NTB,23,2023,1,Januari,1,Belanja Tidak Terduga,49668512000.0,45000000.0,0.09,False,False
NTB,23,2023,2,Februari,2,Belanja Tidak Terduga,49668512000.0,65000000.0,0.13,False,False
NTB,23,2023,3,Maret,3,Belanja Tidak Terduga,49668512000.0,94763950.0,0.19,False,False
NTB,23,2023,4,April,4,Belanja Tidak Terduga,49668512000.0,104763950.0,0.21,False,False
NTB,23,2023,5,Mei,5,Belanja Tidak Terduga,49668512000.0,104763950.0,0.21,False,False
NTB,23,2023,6,Juni,6,Belanja Tidak Terduga,49668512000.0,139763950.0,0.28,False,False
NTB,23,2023,7,Juli,7,Belanja Tidak Terduga,49668512000.0,197263950.0,0.4,False,False
NTB,23,2023,8,Agustus,8,Belanja Tidak Terduga,49668512000.0,257263950.0,0.52,False,False
NTB,23,2023,9,September,9,Belanja Tidak Terduga,49668512000.0,315763950.0,0.64,False,False
NTB,23,2023,10,Oktober,10,Belanja Tidak Terduga,49668512000.0,1026559980.0,2.07,False,False
NTB,23,2023,11,November,11,Belanja Tidak Terduga,49668512000.0,2776559980.0,5.59,False,False
NTB,23,2023,12,Desember,12,Belanja Tidak Terduga,49668512000.0,2071000000.0,4.17,False,False
NTB,23,2024,1,Januari,13,Belanja Tidak Terduga,170000000000.0,0.0,0.0,False,False
NTB,23,2024,2,Februari,14,Belanja Tidak Terduga,170000000000.0,0.0,0.0,False,False
NTB,23,2024,3,Maret,15,Belanja Tidak Terduga,170000000000.0,0.0,0.0,False,False
NTB,23,2024,4,April,16,Belanja Tidak Terduga,170000000000.0,0.0,0.0,False,False
NTB,23,2024,5,Mei,17,Belanja Tidak Terduga,170000000000.0,0.0,0.0,False,False
NTB,23,2024,6,Juni,18,Belanja Tidak Terduga,170000000000.0,0.0,0.0,False,False
NTB,23,2024,7,Juli,19,Belanja Tidak Terduga,170000000000.0,0.0,0.0,False,False
NTB,23,2024,8,Agustus,20,Belanja Tidak Terduga,170000000000.0,0.0,0.0,False,False
NTB,23,2024,9,September,21,Belanja Tidak Terduga,170000000000.0,0.0,0.0,False,False
NTB,23,2024,10,Oktober,22,Belanja Tidak Terduga,170000000000.0,46662000.0,0.03,False,False
NTB,23,2024,11,November,23,Belanja Tidak Terduga,170000000000.0,46662000.0,0.03,False,False
NTB,23,2024,12,Desember,24,Belanja Tidak Terduga,170000000000.0,71133029.0,0.04,False,False
NTB,23,2025,1,Januari,25,Belanja Tidak Terduga,500970073692.0,0.0,0.0,False,False
NTB,23,2025,2,Februari,26,Belanja Tidak Terduga,500970073692.0,40000000.0,0.01,False,False
NTB,23,2025,3,Maret,27,Belanja Tidak Terduga,500970073692.0,40000000.0,0.01,False,False
NTB,23,2025,4,April,28,Belanja Tidak Terduga,500970073692.0,40000000.0,0.01,False,False
NTB,23,2025,5,Mei,29,Belanja Tidak Terduga,500970073692.0,40000000.0,0.01,False,False
NTB,23,2025,6,Juni,30,Belanja Tidak Terduga,500970073692.0,40000000.0,0.01,False,False
NTB,23,2025,7,Juli,31,Belanja Tidak Terduga,500970073692.0,40000000.0,0.01,False,False
NTB,23,2025,8,Agustus,32,Belanja Tidak Terduga,500970073692.0,2467452000.0,0.49,False,False
NTB,23,2025,9,September,33,Belanja Tidak Terduga,500970073692.0,2467452000.0,0.49,False,False
NTB,23,2025,10,Oktober,34,Belanja Tidak Terduga,500970073692.0,2440482000.0,0.49,False,False
NTB,23,2025,11,November,35,Belanja Tidak Terduga,500970073692.0,2440482000.0,0.49,False,False
NTB,23,2025,12,Desember,36,Belanja Tidak Terduga,500970073692.0,4008432669.0,0.8,False,False
NTB,23,2026,1,Januari,37,Belanja Tidak Terduga,15000000000.0,0.0,0.0,False,False
NTB,23,2026,2,Februari,38,Belanja Tidak Terduga,15000000000.0,0.0,0.0,False,False
NTB,23,2026,3,Maret,39,Belanja Tidak Terduga,15000000000.0,870352000.0,5.8,False,False
NTB,23,2026,4,April,40,Belanja Tidak Terduga,15000000000.0,2734482000.0,18.23,False,False
NTB,23,2026,5,Mei,41,Belanja Tidak Terduga,15000000000.0,2734482000.0,18.23,False,False
NTB,23,2026,6,Juni,42,Belanja Tidak Terduga,15000000000.0,2734482000.0,18.23,False,False
NTB,23,2026,7,Juli,43,Belanja Tidak Terduga,15000000000.0,6408332000.0,42.72,False,False
NTB,23,2026,8,Agustus,44,Belanja Tidak Terduga,15000000000.0,6408332000.0,42.72,False,True
NTB,23,2026,9,September,45,Belanja Tidak Terduga,15000000000.0,6408332000.0,42.72,False,True
NTB,23,2026,10,Oktober,46,Belanja Tidak Terduga,15000000000.0,6408332000.0,42.72,False,True
NTB,23,2026,11,November,47,Belanja Tidak Terduga,15000000000.0,6408332000.0,42.72,False,True
NTB,23,2026,12,Desember,48,Belanja Tidak Terduga,15000000000.0,6408332000.0,42.72,False,True
NTB,23,2023,1,Januari,1,Hasil Pengelolaan Kekayaan Daerah yang Dipisahkan,67264976000.0,0.0,0.0,False,False
NTB,23,2023,2,Februari,2,Hasil Pengelolaan Kekayaan Daerah yang Dipisahkan,67264976000.0,0.0,0.0,False,False
NTB,23,2023,3,Maret,3,Hasil Pengelolaan Kekayaan Daerah yang Dipisahkan,67264976000.0,0.0,0.0,False,False
NTB,23,2023,4,April,4,Hasil Pengelolaan Kekayaan Daerah yang Dipisahkan,67264976000.0,0.0,0.0,False,False
NTB,23,2023,5,Mei,5,Hasil Pengelolaan Kekayaan Daerah yang Dipisahkan,67264976000.0,0.0,0.0,False,False
NTB,23,2023,6,Juni,6,Hasil Pengelolaan Kekayaan Daerah yang Dipisahkan,67264976000.0,275000000.0,0.41,False,False
NTB,23,2023,7,Juli,7,Hasil Pengelolaan Kekayaan Daerah yang Dipisahkan,67264976000.0,310209652.0,0.46,False,False
NTB,23,2023,8,Agustus,8,Hasil Pengelolaan Kekayaan Daerah yang Dipisahkan,67264976000.0,7988427824.0,11.88,False,False
NTB,23,2023,9,September,9,Hasil Pengelolaan Kekayaan Daerah yang Dipisahkan,67264976000.0,7988427824.0,11.88,False,True
NTB,23,2023,10,Oktober,10,Hasil Pengelolaan Kekayaan Daerah yang Dipisahkan,67264976000.0,7988427824.0,11.88,False,True
NTB,23,2023,11,November,11,Hasil Pengelolaan Kekayaan Daerah yang Dipisahkan,67264976000.0,7988427824.0,11.88,False,True
NTB,23,2023,12,Desember,12,Hasil Pengelolaan Kekayaan Daerah yang Dipisahkan,67264976000.0,7988427824.0,11.88,False,True
NTB,23,2024,1,Januari,13,Hasil Pengelolaan Kekayaan Daerah yang Dipisahkan,72412647000.0,0.0,0.0,False,False
NTB,23,2024,2,Februari,14,Hasil Pengelolaan Kekayaan Daerah yang Dipisahkan,72412647000.0,0.0,0.0,False,False
NTB,23,2024,3,Maret,15,Hasil Pengelolaan Kekayaan Daerah yang Dipisahkan,72412647000.0,0.0,0.0,False,False
NTB,23,2024,4,April,16,Hasil Pengelolaan Kekayaan Daerah yang Dipisahkan,72412647000.0,0.0,0.0,False,False
NTB,23,2024,5,Mei,17,Hasil Pengelolaan Kekayaan Daerah yang Dipisahkan,72412647000.0,71773167853.0,99.12,False,False
NTB,23,2024,6,Juni,18,Hasil Pengelolaan Kekayaan Daerah yang Dipisahkan,72412647000.0,71773167853.0,99.12,False,False
NTB,23,2024,7,Juli,19,Hasil Pengelolaan Kekayaan Daerah yang Dipisahkan,72412647000.0,71773167853.0,99.12,False,False
NTB,23,2024,8,Agustus,20,Hasil Pengelolaan Kekayaan Daerah yang Dipisahkan,72412647000.0,79902735899.0,110.34,False,False
NTB,23,2024,9,September,21,Hasil Pengelolaan Kekayaan Daerah yang Dipisahkan,72412647000.0,79902735899.0,110.34,False,True
NTB,23,2024,10,Oktober,22,Hasil Pengelolaan Kekayaan Daerah yang Dipisahkan,72412647000.0,79902735899.0,110.34,False,True
NTB,23,2024,11,November,23,Hasil Pengelolaan Kekayaan Daerah yang Dipisahkan,72412647000.0,79902735899.0,110.34,False,True
NTB,23,2024,12,Desember,24,Hasil Pengelolaan Kekayaan Daerah yang Dipisahkan,72412647000.0,79902735899.0,110.34,False,True
NTB,23,2025,1,Januari,25,Hasil Pengelolaan Kekayaan Daerah yang Dipisahkan,88670237167.0,0.0,0.0,False,False
NTB,23,2025,2,Februari,26,Hasil Pengelolaan Kekayaan Daerah yang Dipisahkan,88670237167.0,0.0,0.0,False,False
NTB,23,2025,3,Maret,27,Hasil Pengelolaan Kekayaan Daerah yang Dipisahkan,88670237167.0,0.0,0.0,False,False
NTB,23,2025,4,April,28,Hasil Pengelolaan Kekayaan Daerah yang Dipisahkan,88670237167.0,0.0,0.0,False,False
NTB,23,2025,5,Mei,29,Hasil Pengelolaan Kekayaan Daerah yang Dipisahkan,88670237167.0,0.0,0.0,False,False
NTB,23,2025,6,Juni,30,Hasil Pengelolaan Kekayaan Daerah yang Dipisahkan,88670237167.0,0.0,0.0,False,False
NTB,23,2025,7,Juli,31,Hasil Pengelolaan Kekayaan Daerah yang Dipisahkan,88670237167.0,90582447997.0,102.16,False,False
NTB,23,2025,8,Agustus,32,Hasil Pengelolaan Kekayaan Daerah yang Dipisahkan,88670237167.0,90582447997.0,102.16,False,True
NTB,23,2025,9,September,33,Hasil Pengelolaan Kekayaan Daerah yang Dipisahkan,88670237167.0,90582447997.0,102.16,False,True
NTB,23,2025,10,Oktober,34,Hasil Pengelolaan Kekayaan Daerah yang Dipisahkan,88670237167.0,90582447997.0,102.16,False,True
NTB,23,2025,11,November,35,Hasil Pengelolaan Kekayaan Daerah yang Dipisahkan,88670237167.0,90582447997.0,102.16,False,True
NTB,23,2025,12,Desember,36,Hasil Pengelolaan Kekayaan Daerah yang Dipisahkan,88670237167.0,90582447997.0,102.16,False,True
NTB,23,2026,1,Januari,37,Hasil Pengelolaan Kekayaan Daerah yang Dipisahkan,96219588313.0,0.0,0.0,False,False
NTB,23,2026,2,Februari,38,Hasil Pengelolaan Kekayaan Daerah yang Dipisahkan,96219588313.0,0.0,0.0,False,False
NTB,23,2026,3,Maret,39,Hasil Pengelolaan Kekayaan Daerah yang Dipisahkan,96219588313.0,0.0,0.0,False,False
NTB,23,2026,4,April,40,Hasil Pengelolaan Kekayaan Daerah yang Dipisahkan,96219588313.0,0.0,0.0,False,False
NTB,23,2026,5,Mei,41,Hasil Pengelolaan Kekayaan Daerah yang Dipisahkan,96219588313.0,0.0,0.0,False,False
NTB,23,2026,6,Juni,42,Hasil Pengelolaan Kekayaan Daerah yang Dipisahkan,96219588313.0,72800985226.0,75.66,False,False
NTB,23,2026,7,Juli,43,Hasil Pengelolaan Kekayaan Daerah yang Dipisahkan,96219588313.0,72800985226.0,75.66,False,True
NTB,23,2026,8,Agustus,44,Hasil Pengelolaan Kekayaan Daerah yang Dipisahkan,96219588313.0,72800985226.0,75.66,False,True
NTB,23,2026,9,September,45,Hasil Pengelolaan Kekayaan Daerah yang Dipisahkan,96219588313.0,72800985226.0,75.66,False,True
NTB,23,2026,10,Oktober,46,Hasil Pengelolaan Kekayaan Daerah yang Dipisahkan,96219588313.0,72800985226.0,75.66,False,True
NTB,23,2026,11,November,47,Hasil Pengelolaan Kekayaan Daerah yang Dipisahkan,96219588313.0,72800985226.0,75.66,False,True
NTB,23,2026,12,Desember,48,Hasil Pengelolaan Kekayaan Daerah yang Dipisahkan,96219588313.0,72800985226.0,75.66,False,True
NTB,23,2023,1,Januari,1,Lain-Lain PAD yang Sah,849602763513.0,29581339599.46,3.48,False,False
NTB,23,2023,2,Februari,2,Lain-Lain PAD yang Sah,849602763513.0,69127393699.48,8.14,False,False
NTB,23,2023,3,Maret,3,Lain-Lain PAD yang Sah,849602763513.0,143888105282.97,16.94,False,False
NTB,23,2023,4,April,4,Lain-Lain PAD yang Sah,849602763513.0,183280259585.35,21.57,False,False
NTB,23,2023,5,Mei,5,Lain-Lain PAD yang Sah,849602763513.0,183280259585.35,21.57,False,False
NTB,23,2023,6,Juni,6,Lain-Lain PAD yang Sah,849602763513.0,242130554216.7,28.5,False,False
NTB,23,2023,7,Juli,7,Lain-Lain PAD yang Sah,849602763513.0,315843537804.59,37.18,False,False
NTB,23,2023,8,Agustus,8,Lain-Lain PAD yang Sah,849602763513.0,373092805450.21,43.91,False,False
NTB,23,2023,9,September,9,Lain-Lain PAD yang Sah,849602763513.0,432602781936.87,50.92,False,False
NTB,23,2023,10,Oktober,10,Lain-Lain PAD yang Sah,849602763513.0,499371850573.25,58.78,False,False
NTB,23,2023,11,November,11,Lain-Lain PAD yang Sah,849602763513.0,697988114002.22,82.15,False,False
NTB,23,2023,12,Desember,12,Lain-Lain PAD yang Sah,849602763513.0,788014739366.01,92.75,False,False
NTB,23,2024,1,Januari,13,Lain-Lain PAD yang Sah,411006430174.0,2654815100.7,0.65,False,False
NTB,23,2024,2,Februari,14,Lain-Lain PAD yang Sah,411006430174.0,6018163924.99,1.46,False,False
NTB,23,2024,3,Maret,15,Lain-Lain PAD yang Sah,411006430174.0,9176481214.19,2.23,False,False
NTB,23,2024,4,April,16,Lain-Lain PAD yang Sah,411006430174.0,12289989513.41,2.99,False,False
NTB,23,2024,5,Mei,17,Lain-Lain PAD yang Sah,411006430174.0,285381216531.95,69.43,False,False
NTB,23,2024,6,Juni,18,Lain-Lain PAD yang Sah,411006430174.0,16190723072.16,3.94,False,False
NTB,23,2024,7,Juli,19,Lain-Lain PAD yang Sah,411006430174.0,298528429614.38,72.63,False,False
NTB,23,2024,8,Agustus,20,Lain-Lain PAD yang Sah,411006430174.0,300829717262.87,73.19,False,False
NTB,23,2024,9,September,21,Lain-Lain PAD yang Sah,411006430174.0,303586571853.04,73.86,False,False
NTB,23,2024,10,Oktober,22,Lain-Lain PAD yang Sah,411006430174.0,309177004825.38,75.22,False,False
NTB,23,2024,11,November,23,Lain-Lain PAD yang Sah,411006430174.0,429452966081.76,104.49,False,False
NTB,23,2024,12,Desember,24,Lain-Lain PAD yang Sah,411006430174.0,70646309653.97,17.19,False,False
NTB,23,2025,1,Januari,25,Lain-Lain PAD yang Sah,37829066310.0,2059892373.92,5.45,False,False
NTB,23,2025,2,Februari,26,Lain-Lain PAD yang Sah,37829066310.0,5846954020.34,15.46,False,False
NTB,23,2025,3,Maret,27,Lain-Lain PAD yang Sah,37829066310.0,9132063870.65,24.14,False,False
NTB,23,2025,4,April,28,Lain-Lain PAD yang Sah,37829066310.0,31448347843.06,83.13,False,False
NTB,23,2025,5,Mei,29,Lain-Lain PAD yang Sah,37829066310.0,35410009590.71,93.61,False,False
NTB,23,2025,6,Juni,30,Lain-Lain PAD yang Sah,37829066310.0,37637484610.39,99.49,False,False
NTB,23,2025,7,Juli,31,Lain-Lain PAD yang Sah,37829066310.0,53737800230.68,142.05,False,False
NTB,23,2025,8,Agustus,32,Lain-Lain PAD yang Sah,37829066310.0,65623787957.54,173.47,False,False
NTB,23,2025,9,September,33,Lain-Lain PAD yang Sah,37829066310.0,71483806957.09,188.97,False,False
NTB,23,2025,10,Oktober,34,Lain-Lain PAD yang Sah,37829066310.0,78516076387.07,207.55,False,False
NTB,23,2025,11,November,35,Lain-Lain PAD yang Sah,37829066310.0,83807289230.71,221.54,False,False
NTB,23,2025,12,Desember,36,Lain-Lain PAD yang Sah,37829066310.0,95490076428.85,252.43,False,False
NTB,23,2026,1,Januari,37,Lain-Lain PAD yang Sah,65198905150.0,3818980331.61,5.86,False,False
NTB,23,2026,2,Februari,38,Lain-Lain PAD yang Sah,65198905150.0,6605831615.33,10.13,False,False
NTB,23,2026,3,Maret,39,Lain-Lain PAD yang Sah,65198905150.0,9762540385.05,14.97,False,False
NTB,23,2026,4,April,40,Lain-Lain PAD yang Sah,65198905150.0,14725022427.79,22.58,False,False
NTB,23,2026,5,Mei,41,Lain-Lain PAD yang Sah,65198905150.0,31111305344.52,47.72,False,False
NTB,23,2026,6,Juni,42,Lain-Lain PAD yang Sah,65198905150.0,36881215656.93,56.57,False,False
NTB,23,2026,7,Juli,43,Lain-Lain PAD yang Sah,65198905150.0,38280618737.59,58.71,False,False
NTB,23,2026,8,Agustus,44,Lain-Lain PAD yang Sah,65198905150.0,38471272113.59,59.01,False,False
NTB,23,2026,9,September,45,Lain-Lain PAD yang Sah,65198905150.0,38471272113.59,59.01,False,True
NTB,23,2026,10,Oktober,46,Lain-Lain PAD yang Sah,65198905150.0,38471272113.59,59.01,False,True
NTB,23,2026,11,November,47,Lain-Lain PAD yang Sah,65198905150.0,38471272113.59,59.01,False,True
NTB,23,2026,12,Desember,48,Lain-Lain PAD yang Sah,65198905150.0,38471272113.59,59.01,False,True
NTB,23,2025,1,Januari,25,Lain-lain Pendapatan Sesuai dengan Ketentuan Peraturan Perundang-Undangan,208053137250.0,0.0,0.0,False,False
NTB,23,2025,2,Februari,26,Lain-lain Pendapatan Sesuai dengan Ketentuan Peraturan Perundang-Undangan,208053137250.0,0.0,0.0,False,False
NTB,23,2025,3,Maret,27,Lain-lain Pendapatan Sesuai dengan Ketentuan Peraturan Perundang-Undangan,208053137250.0,0.0,0.0,False,False
NTB,23,2025,4,April,28,Lain-lain Pendapatan Sesuai dengan Ketentuan Peraturan Perundang-Undangan,208053137250.0,0.0,0.0,False,False
NTB,23,2025,5,Mei,29,Lain-lain Pendapatan Sesuai dengan Ketentuan Peraturan Perundang-Undangan,208053137250.0,0.0,0.0,False,False
NTB,23,2025,6,Juni,30,Lain-lain Pendapatan Sesuai dengan Ketentuan Peraturan Perundang-Undangan,208053137250.0,87831923925.0,42.22,False,False
NTB,23,2025,7,Juli,31,Lain-lain Pendapatan Sesuai dengan Ketentuan Peraturan Perundang-Undangan,208053137250.0,87831923925.0,42.22,False,False
NTB,23,2025,8,Agustus,32,Lain-lain Pendapatan Sesuai dengan Ketentuan Peraturan Perundang-Undangan,208053137250.0,176677189470.0,84.92,False,False
NTB,23,2025,9,September,33,Lain-lain Pendapatan Sesuai dengan Ketentuan Peraturan Perundang-Undangan,208053137250.0,176677189470.0,84.92,False,True
NTB,23,2025,10,Oktober,34,Lain-lain Pendapatan Sesuai dengan Ketentuan Peraturan Perundang-Undangan,208053137250.0,176677189470.0,84.92,False,True
NTB,23,2025,11,November,35,Lain-lain Pendapatan Sesuai dengan Ketentuan Peraturan Perundang-Undangan,208053137250.0,176677189470.0,84.92,False,True
NTB,23,2025,12,Desember,36,Lain-lain Pendapatan Sesuai dengan Ketentuan Peraturan Perundang-Undangan,208053137250.0,176677189470.0,84.92,False,True
NTB,23,2026,1,Januari,37,Lain-lain Pendapatan Sesuai dengan Ketentuan Peraturan Perundang-Undangan,111981000000.0,0.0,0.0,False,False
NTB,23,2026,2,Februari,38,Lain-lain Pendapatan Sesuai dengan Ketentuan Peraturan Perundang-Undangan,111981000000.0,0.0,0.0,False,False
NTB,23,2026,3,Maret,39,Lain-lain Pendapatan Sesuai dengan Ketentuan Peraturan Perundang-Undangan,111981000000.0,0.0,0.0,False,False
NTB,23,2026,4,April,40,Lain-lain Pendapatan Sesuai dengan Ketentuan Peraturan Perundang-Undangan,111981000000.0,0.0,0.0,False,False
NTB,23,2026,5,Mei,41,Lain-lain Pendapatan Sesuai dengan Ketentuan Peraturan Perundang-Undangan,111981000000.0,0.0,0.0,False,False
NTB,23,2026,6,Juni,42,Lain-lain Pendapatan Sesuai dengan Ketentuan Peraturan Perundang-Undangan,111981000000.0,60363220275.0,53.9,False,False
NTB,23,2026,7,Juli,43,Lain-lain Pendapatan Sesuai dengan Ketentuan Peraturan Perundang-Undangan,111981000000.0,60363220275.0,53.9,False,True
NTB,23,2026,8,Agustus,44,Lain-lain Pendapatan Sesuai dengan Ketentuan Peraturan Perundang-Undangan,111981000000.0,60363220275.0,53.9,False,True
NTB,23,2026,9,September,45,Lain-lain Pendapatan Sesuai dengan Ketentuan Peraturan Perundang-Undangan,111981000000.0,60363220275.0,53.9,False,True
NTB,23,2026,10,Oktober,46,Lain-lain Pendapatan Sesuai dengan Ketentuan Peraturan Perundang-Undangan,111981000000.0,60363220275.0,53.9,False,True
NTB,23,2026,11,November,47,Lain-lain Pendapatan Sesuai dengan Ketentuan Peraturan Perundang-Undangan,111981000000.0,60363220275.0,53.9,False,True
NTB,23,2026,12,Desember,48,Lain-lain Pendapatan Sesuai dengan Ketentuan Peraturan Perundang-Undangan,111981000000.0,60363220275.0,53.9,False,True
NTB,23,2023,1,Januari,1,PAD,2985278110513.0,148387068375.46,4.97,False,False
NTB,23,2023,2,Februari,2,PAD,2985278110513.0,297289981173.48,9.96,False,False
NTB,23,2023,3,Maret,3,PAD,2985278110513.0,479315415385.97,16.06,False,False
NTB,23,2023,4,April,4,PAD,2985278110513.0,785979889822.35,26.33,False,False
NTB,23,2023,5,Mei,5,PAD,2985278110513.0,785979889822.35,26.33,False,False
NTB,23,2023,6,Juni,6,PAD,2985278110513.0,964950602204.7,32.32,False,False
NTB,23,2023,7,Juli,7,PAD,2985278110513.0,1243470902230.6,41.65,False,False
NTB,23,2023,8,Agustus,8,PAD,2985278110513.0,1438153579737.8,48.17,False,False
NTB,23,2023,9,September,9,PAD,2985278110513.0,1635850093768.0,54.8,False,False
NTB,23,2023,10,Oktober,10,PAD,2985278110513.0,1910968847852.4,64.01,False,False
NTB,23,2023,11,November,11,PAD,2985278110513.0,2266658605698.6,75.93,False,False
NTB,23,2023,12,Desember,12,PAD,2985278110513.0,2568222972144.4,86.03,False,False
NTB,23,2024,1,Januari,13,PAD,3102559807674.0,193922879784.76,6.25,False,False
NTB,23,2024,2,Februari,14,PAD,3102559807674.0,365311153892.42,11.77,False,False
NTB,23,2024,3,Maret,15,PAD,3102559807674.0,532615706859.96,17.17,False,False
NTB,23,2024,4,April,16,PAD,3102559807674.0,849278411334.49,27.37,False,False
NTB,23,2024,5,Mei,17,PAD,3102559807674.0,1358117637318.9,43.77,False,False
NTB,23,2024,6,Juni,18,PAD,3102559807674.0,1281261279775.6,41.3,False,False
NTB,23,2024,7,Juli,19,PAD,3102559807674.0,1910156283053.8,61.57,False,False
NTB,23,2024,8,Agustus,20,PAD,3102559807674.0,2136252081951.2,68.85,False,False
NTB,23,2024,9,September,21,PAD,3102559807674.0,2355340638871.4,75.92,False,False
NTB,23,2024,10,Oktober,22,PAD,3102559807674.0,2680858549859.5,86.41,False,False
NTB,23,2024,11,November,23,PAD,3102559807674.0,2994089058458.2,96.5,False,False
NTB,23,2024,12,Desember,24,PAD,3102559807674.0,3293972272001.1,106.17,False,False
NTB,23,2025,1,Januari,25,PAD,2510511216125.0,173666275641.5,6.92,False,False
NTB,23,2025,2,Februari,26,PAD,2510511216125.0,344252981334.19,13.71,False,False
NTB,23,2025,3,Maret,27,PAD,2510511216125.0,510108774324.42,20.32,False,False
NTB,23,2025,4,April,28,PAD,2510511216125.0,871332331524.2,34.71,False,False
NTB,23,2025,5,Mei,29,PAD,2510511216125.0,1037590177274.7,41.33,False,False
NTB,23,2025,6,Juni,30,PAD,2510511216125.0,1212843864423.4,48.31,False,False
NTB,23,2025,7,Juli,31,PAD,2510511216125.0,1603640355494.7,63.88,False,False
NTB,23,2025,8,Agustus,32,PAD,2510511216125.0,1793907175126.9,71.46,False,False
NTB,23,2025,9,September,33,PAD,2510511216125.0,1988359606510.3,79.2,False,False
NTB,23,2025,10,Oktober,34,PAD,2510511216125.0,2282596530569.3,90.92,False,False
NTB,23,2025,11,November,35,PAD,2510511216125.0,2475903166856.4,98.62,False,False
NTB,23,2025,12,Desember,36,PAD,2510511216125.0,2764346951004.8,110.11,False,False
NTB,23,2026,1,Januari,37,PAD,3024910742985.0,189459812525.41,6.26,False,False
NTB,23,2026,2,Februari,38,PAD,3024910742985.0,364778020400.45,12.06,False,False
NTB,23,2026,3,Maret,39,PAD,3024910742985.0,548657352640.33,18.14,False,False
NTB,23,2026,4,April,40,PAD,3024910742985.0,858744327441.32,28.39,False,False
NTB,23,2026,5,Mei,41,PAD,3024910742985.0,1062980747923.4,35.14,False,False
NTB,23,2026,6,Juni,42,PAD,3024910742985.0,1341916193286.2,44.36,False,False
NTB,23,2026,7,Juli,43,PAD,3024910742985.0,1388568059234.8,45.9,False,False
NTB,23,2026,8,Agustus,44,PAD,3024910742985.0,1423862944614.8,47.07,False,False
NTB,23,2026,9,September,45,PAD,3024910742985.0,1423862944614.8,47.07,False,True
NTB,23,2026,10,Oktober,46,PAD,3024910742985.0,1423862944614.8,47.07,False,True
NTB,23,2026,11,November,47,PAD,3024910742985.0,1423862944614.8,47.07,False,True
NTB,23,2026,12,Desember,48,PAD,3024910742985.0,1423862944614.8,47.07,False,True
NTB,23,2023,1,Januari,1,Pajak Daerah,2032213000000.0,117694958865.0,5.79,False,False
NTB,23,2023,2,Februari,2,Pajak Daerah,2032213000000.0,226250066580.0,11.13,False,False
NTB,23,2023,3,Maret,3,Pajak Daerah,2032213000000.0,332675249271.0,16.37,False,False
NTB,23,2023,4,April,4,Pajak Daerah,2032213000000.0,599310462037.0,29.49,False,False
NTB,23,2023,5,Mei,5,Pajak Daerah,2032213000000.0,599310462037.0,29.49,False,False
NTB,23,2023,6,Juni,6,Pajak Daerah,2032213000000.0,718271575850.0,35.34,False,False
NTB,23,2023,7,Juli,7,Pajak Daerah,2032213000000.0,922263077084.0,45.38,False,False
NTB,23,2023,8,Agustus,8,Pajak Daerah,2032213000000.0,1050588029700.0,51.7,False,False
NTB,23,2023,9,September,9,Pajak Daerah,2032213000000.0,1187901866743.0,58.45,False,False
NTB,23,2023,10,Oktober,10,Pajak Daerah,2032213000000.0,1395243058334.0,68.66,False,False
NTB,23,2023,11,November,11,Pajak Daerah,2032213000000.0,1550243470252.0,76.28,False,False
NTB,23,2023,12,Desember,12,Pajak Daerah,2032213000000.0,1760700176008.0,86.64,False,False
NTB,23,2024,1,Januari,13,Pajak Daerah,2013330128000.0,122736584386.0,6.1,False,False
NTB,23,2024,2,Februari,14,Pajak Daerah,2013330128000.0,235805468141.3,11.71,False,False
NTB,23,2024,3,Maret,15,Pajak Daerah,2013330128000.0,349295430646.0,17.35,False,False
NTB,23,2024,4,April,16,Pajak Daerah,2013330128000.0,609856867457.0,30.29,False,False
NTB,23,2024,5,Mei,17,Pajak Daerah,2013330128000.0,756321060753.0,37.57,False,False
NTB,23,2024,6,Juni,18,Pajak Daerah,2013330128000.0,866475349642.0,43.04,False,False
NTB,23,2024,7,Juli,19,Pajak Daerah,2013330128000.0,1126373208968.0,55.95,False,False
NTB,23,2024,8,Agustus,20,Pajak Daerah,2013330128000.0,1282179227446.0,63.68,False,False
NTB,23,2024,9,September,21,Pajak Daerah,2013330128000.0,1432056522538.0,71.13,False,False
NTB,23,2024,10,Oktober,22,Pajak Daerah,2013330128000.0,1687318251472.0,83.81,False,False
NTB,23,2024,11,November,23,Pajak Daerah,2013330128000.0,1823532184594.0,90.57,False,False
NTB,23,2024,12,Desember,24,Pajak Daerah,2013330128000.0,2045004056872.0,101.57,False,False
NTB,23,2025,1,Januari,25,Pajak Daerah,1614946536878.0,97692192716.5,6.05,False,False
NTB,23,2025,2,Februari,26,Pajak Daerah,1614946536878.0,193598278460.0,11.99,False,False
NTB,23,2025,3,Maret,27,Pajak Daerah,1614946536878.0,287845175044.86,17.82,False,False
NTB,23,2025,4,April,28,Pajak Daerah,1614946536878.0,555150316612.86,34.38,False,False
NTB,23,2025,5,Mei,29,Pajak Daerah,1614946536878.0,656354751865.86,40.64,False,False
NTB,23,2025,6,Juni,30,Pajak Daerah,1614946536878.0,768199846999.06,47.57,False,False
NTB,23,2025,7,Juli,31,Pajak Daerah,1614946536878.0,978535522985.62,60.59,False,False
NTB,23,2025,8,Agustus,32,Pajak Daerah,1614946536878.0,1090622727660.8,67.53,False,False
NTB,23,2025,9,September,33,Pajak Daerah,1614946536878.0,1206265523779.7,74.69,False,False
NTB,23,2025,10,Oktober,34,Pajak Daerah,1614946536878.0,1421413238317.1,88.02,False,False
NTB,23,2025,11,November,35,Pajak Daerah,1614946536878.0,1533240417740.7,94.94,False,False
NTB,23,2025,12,Desember,36,Pajak Daerah,1614946536878.0,1728715740165.9,107.04,False,False
NTB,23,2026,1,Januari,37,Pajak Daerah,1837535868342.0,111969186457.9,6.09,False,False
NTB,23,2026,2,Februari,38,Pajak Daerah,1837535868342.0,216974497978.7,11.81,False,False
NTB,23,2026,3,Maret,39,Pajak Daerah,1837535868342.0,313434441218.5,17.06,False,False
NTB,23,2026,4,April,40,Pajak Daerah,1837535868342.0,561842632097.7,30.58,False,False
NTB,23,2026,5,Mei,41,Pajak Daerah,1837535868342.0,675938326535.57,36.79,False,False
NTB,23,2026,6,Juni,42,Pajak Daerah,1837535868342.0,802891893346.32,43.69,False,False
NTB,23,2026,7,Juli,43,Pajak Daerah,1837535868342.0,848123806214.32,46.16,False,False
NTB,23,2026,8,Agustus,44,Pajak Daerah,1837535868342.0,883228038218.32,48.07,False,False
NTB,23,2026,9,September,45,Pajak Daerah,1837535868342.0,883228038218.32,48.07,False,True
NTB,23,2026,10,Oktober,46,Pajak Daerah,1837535868342.0,883228038218.32,48.07,False,True
NTB,23,2026,11,November,47,Pajak Daerah,1837535868342.0,883228038218.32,48.07,False,True
NTB,23,2026,12,Desember,48,Pajak Daerah,1837535868342.0,883228038218.32,48.07,False,True
NTB,23,2023,1,Januari,1,Pendapatan Daerah,5964980923513.0,387750078575.46,6.5,False,False
NTB,23,2023,2,Februari,2,Pendapatan Daerah,5964980923513.0,667535536373.48,11.19,False,False
NTB,23,2023,3,Maret,3,Pendapatan Daerah,5964980923513.0,1193592054416.0,20.01,False,False
NTB,23,2023,4,April,4,Pendapatan Daerah,5964980923513.0,1759042430225.3,29.49,False,False
NTB,23,2023,5,Mei,5,Pendapatan Daerah,5964980923513.0,1759042430225.4,29.49,False,False
NTB,23,2023,6,Juni,6,Pendapatan Daerah,5964980923513.0,2164864422693.7,36.29,False,False
NTB,23,2023,7,Juli,7,Pendapatan Daerah,5964980923513.0,2716677240829.6,45.54,False,False
NTB,23,2023,8,Agustus,8,Pendapatan Daerah,5964980923513.0,3219654890479.8,53.98,False,False
NTB,23,2023,9,September,9,Pendapatan Daerah,5964980923513.0,3598326420024.0,60.32,False,False
NTB,23,2023,10,Oktober,10,Pendapatan Daerah,5964980923513.0,4303906143820.4,72.15,False,False
NTB,23,2023,11,November,11,Pendapatan Daerah,5964980923513.0,4873816523153.6,81.71,False,False
NTB,23,2023,12,Desember,12,Pendapatan Daerah,5964980923513.0,5453415740380.4,91.42,False,False
NTB,23,2024,1,Januari,13,Pendapatan Daerah,6181338970389.0,508426791784.76,8.23,False,False
NTB,23,2024,2,Februari,14,Pendapatan Daerah,6181338970389.0,931628131942.42,15.07,False,False
NTB,23,2024,3,Maret,15,Pendapatan Daerah,6181338970389.0,1382322823396.0,22.36,False,False
NTB,23,2024,4,April,16,Pendapatan Daerah,6181338970389.0,1944560543620.5,31.46,False,False
NTB,23,2024,5,Mei,17,Pendapatan Daerah,6181338970389.0,2578655357404.9,41.72,False,False
NTB,23,2024,6,Juni,18,Pendapatan Daerah,6181338970389.0,2903397757441.6,46.97,False,False
NTB,23,2024,7,Juli,19,Pendapatan Daerah,6181338970389.0,3777747524842.8,61.12,False,False
NTB,23,2024,8,Agustus,20,Pendapatan Daerah,6181338970389.0,4298909533507.2,69.55,False,False
NTB,23,2024,9,September,21,Pendapatan Daerah,6181338970389.0,4845378483914.4,78.39,False,False
NTB,23,2024,10,Oktober,22,Pendapatan Daerah,6181338970389.0,5532804860076.5,89.51,False,False
NTB,23,2024,11,November,23,Pendapatan Daerah,6181338970389.0,6078606502395.2,98.34,False,False
NTB,23,2024,12,Desember,24,Pendapatan Daerah,6181338970389.0,6621160040387.1,107.12,False,False
NTB,23,2025,1,Januari,25,Pendapatan Daerah,6330408413375.0,649930668341.5,10.27,False,False
NTB,23,2025,2,Februari,26,Pendapatan Daerah,6330408413375.0,985522685659.19,15.57,False,False
NTB,23,2025,3,Maret,27,Pendapatan Daerah,6330408413375.0,1400489334386.4,22.12,False,False
NTB,23,2025,4,April,28,Pendapatan Daerah,6330408413375.0,1969669184881.2,31.11,False,False
NTB,23,2025,5,Mei,29,Pendapatan Daerah,6330408413375.0,2421672642087.7,38.25,False,False
NTB,23,2025,6,Juni,30,Pendapatan Daerah,6330408413375.0,2988438087432.4,47.21,False,False
NTB,23,2025,7,Juli,31,Pendapatan Daerah,6330408413375.0,3612367072067.7,57.06,False,False
NTB,23,2025,8,Agustus,32,Pendapatan Daerah,6330408413375.0,4374068359362.9,69.1,False,False
NTB,23,2025,9,September,33,Pendapatan Daerah,6330408413375.0,4834809641673.3,76.37,False,False
NTB,23,2025,10,Oktober,34,Pendapatan Daerah,6330408413375.0,5428695117774.3,85.76,False,False
NTB,23,2025,11,November,35,Pendapatan Daerah,6330408413375.0,6012102401784.4,94.97,False,False
NTB,23,2025,12,Desember,36,Pendapatan Daerah,6330408413375.0,6476187171704.8,102.3,False,False
NTB,23,2026,1,Januari,37,Pendapatan Daerah,5622491479442.0,615310949825.41,10.94,False,False
NTB,23,2026,2,Februari,38,Pendapatan Daerah,5622491479442.0,983200245600.45,17.49,False,False
NTB,23,2026,3,Maret,39,Pendapatan Daerah,5622491479442.0,1340783124428.3,23.85,False,False
NTB,23,2026,4,April,40,Pendapatan Daerah,5622491479442.0,1837072697854.3,32.67,False,False
NTB,23,2026,5,Mei,41,Pendapatan Daerah,5622491479442.0,2207702922118.4,39.27,False,False
NTB,23,2026,6,Juni,42,Pendapatan Daerah,5622491479442.0,2719553472386.2,48.37,False,False
NTB,23,2026,7,Juli,43,Pendapatan Daerah,5622491479442.0,2903117258601.8,51.63,False,False
NTB,23,2026,8,Agustus,44,Pendapatan Daerah,5622491479442.0,3107284820371.8,55.27,False,False
NTB,23,2026,9,September,45,Pendapatan Daerah,5622491479442.0,3107284820371.8,55.27,False,True
NTB,23,2026,10,Oktober,46,Pendapatan Daerah,5622491479442.0,3107284820371.8,55.27,False,True
NTB,23,2026,11,November,47,Pendapatan Daerah,5622491479442.0,3107284820371.8,55.27,False,True
NTB,23,2026,12,Desember,48,Pendapatan Daerah,5622491479442.0,3107284820371.8,55.27,False,True
NTB,23,2023,1,Januari,1,Pendapatan Hibah,892411000.0,0.0,0.0,False,False
NTB,23,2023,2,Februari,2,Pendapatan Hibah,892411000.0,0.0,0.0,False,False
NTB,23,2023,3,Maret,3,Pendapatan Hibah,892411000.0,10233268.0,1.15,False,False
NTB,23,2023,4,April,4,Pendapatan Hibah,892411000.0,10233268.0,1.15,False,True
NTB,23,2023,5,Mei,5,Pendapatan Hibah,892411000.0,10233268.0,1.15,False,True
NTB,23,2023,6,Juni,6,Pendapatan Hibah,892411000.0,10233268.0,1.15,False,True
NTB,23,2023,7,Juli,7,Pendapatan Hibah,892411000.0,10233268.0,1.15,False,True
NTB,23,2023,8,Agustus,8,Pendapatan Hibah,892411000.0,10233268.0,1.15,False,True
NTB,23,2023,9,September,9,Pendapatan Hibah,892411000.0,10233268.0,1.15,False,True
NTB,23,2023,10,Oktober,10,Pendapatan Hibah,892411000.0,10233268.0,1.15,False,True
NTB,23,2023,11,November,11,Pendapatan Hibah,892411000.0,10233268.0,1.15,False,True
NTB,23,2023,12,Desember,12,Pendapatan Hibah,892411000.0,10233268.0,1.15,False,True
NTB,23,2025,1,Januari,25,Pendapatan Hibah,2048000000.0,0.0,0.0,False,False
NTB,23,2025,2,Februari,26,Pendapatan Hibah,2048000000.0,0.0,0.0,False,False
NTB,23,2025,3,Maret,27,Pendapatan Hibah,2048000000.0,0.0,0.0,False,False
NTB,23,2025,4,April,28,Pendapatan Hibah,2048000000.0,0.0,0.0,False,False
NTB,23,2025,5,Mei,29,Pendapatan Hibah,2048000000.0,0.0,0.0,False,False
NTB,23,2025,6,Juni,30,Pendapatan Hibah,2048000000.0,0.0,0.0,False,False
NTB,23,2025,7,Juli,31,Pendapatan Hibah,2048000000.0,507492000.0,24.78,False,False
NTB,23,2025,8,Agustus,32,Pendapatan Hibah,2048000000.0,1014984000.0,49.56,False,False
NTB,23,2025,9,September,33,Pendapatan Hibah,2048000000.0,1353312000.0,66.08,False,False
NTB,23,2025,10,Oktober,34,Pendapatan Hibah,2048000000.0,1353312000.0,66.08,False,False
NTB,23,2025,11,November,35,Pendapatan Hibah,2048000000.0,1691640000.0,82.6,False,False
NTB,23,2025,12,Desember,36,Pendapatan Hibah,2048000000.0,3029968000.0,147.95,False,False
NTB,23,2026,1,Januari,37,Pendapatan Hibah,2029968000.0,0.0,0.0,False,False
NTB,23,2026,2,Februari,38,Pendapatan Hibah,2029968000.0,0.0,0.0,False,False
NTB,23,2026,3,Maret,39,Pendapatan Hibah,2029968000.0,0.0,0.0,False,False
NTB,23,2026,4,April,40,Pendapatan Hibah,2029968000.0,0.0,0.0,False,False
NTB,23,2026,5,Mei,41,Pendapatan Hibah,2029968000.0,0.0,0.0,False,False
NTB,23,2026,6,Juni,42,Pendapatan Hibah,2029968000.0,0.0,0.0,False,False
NTB,23,2026,7,Juli,43,Pendapatan Hibah,2029968000.0,3000000000.0,147.79,False,False
NTB,23,2026,8,Agustus,44,Pendapatan Hibah,2029968000.0,3000000000.0,147.79,False,True
NTB,23,2026,9,September,45,Pendapatan Hibah,2029968000.0,3000000000.0,147.79,False,True
NTB,23,2026,10,Oktober,46,Pendapatan Hibah,2029968000.0,3000000000.0,147.79,False,True
NTB,23,2026,11,November,47,Pendapatan Hibah,2029968000.0,3000000000.0,147.79,False,True
NTB,23,2026,12,Desember,48,Pendapatan Hibah,2029968000.0,3000000000.0,147.79,False,True
NTB,23,2023,1,Januari,1,Pendapatan Lainnya,2554497000.0,0.0,0.0,False,False
NTB,23,2023,2,Februari,2,Pendapatan Lainnya,2554497000.0,0.0,0.0,False,False
NTB,23,2023,3,Maret,3,Pendapatan Lainnya,2554497000.0,10233268.0,0.4,False,False
NTB,23,2023,4,April,4,Pendapatan Lainnya,2554497000.0,10233268.0,0.4,False,False
NTB,23,2023,5,Mei,5,Pendapatan Lainnya,2554497000.0,10233268.0,0.4,False,False
NTB,23,2023,6,Juni,6,Pendapatan Lainnya,2554497000.0,10233268.0,0.4,False,False
NTB,23,2023,7,Juli,7,Pendapatan Lainnya,2554497000.0,10233268.0,0.4,False,False
NTB,23,2023,8,Agustus,8,Pendapatan Lainnya,2554497000.0,10233268.0,0.4,False,False
NTB,23,2023,9,September,9,Pendapatan Lainnya,2554497000.0,10233268.0,0.4,False,False
NTB,23,2023,10,Oktober,10,Pendapatan Lainnya,2554497000.0,1412233308.0,55.28,False,False
NTB,23,2023,11,November,11,Pendapatan Lainnya,2554497000.0,1412233308.0,55.28,False,False
NTB,23,2023,12,Desember,12,Pendapatan Lainnya,2554497000.0,3124303818.0,122.31,False,False
NTB,23,2024,1,Januari,13,Pendapatan Lainnya,3329731375.0,0.0,0.0,False,False
NTB,23,2024,2,Februari,14,Pendapatan Lainnya,3329731375.0,185644050.0,5.58,False,False
NTB,23,2024,3,Maret,15,Pendapatan Lainnya,3329731375.0,185644050.0,5.58,False,False
NTB,23,2024,4,April,16,Pendapatan Lainnya,3329731375.0,185644050.0,5.58,False,False
NTB,23,2024,5,Mei,17,Pendapatan Lainnya,3329731375.0,185644050.0,5.58,False,False
NTB,23,2024,6,Juni,18,Pendapatan Lainnya,3329731375.0,185644050.0,5.58,False,False
NTB,23,2024,7,Juli,19,Pendapatan Lainnya,3329731375.0,185644050.0,5.58,False,False
NTB,23,2024,8,Agustus,20,Pendapatan Lainnya,3329731375.0,185644050.0,5.58,False,False
NTB,23,2024,9,September,21,Pendapatan Lainnya,3329731375.0,185644050.0,5.58,False,False
NTB,23,2024,10,Oktober,22,Pendapatan Lainnya,3329731375.0,769410815.0,23.11,False,False
NTB,23,2024,11,November,23,Pendapatan Lainnya,3329731375.0,769410815.0,23.11,False,False
NTB,23,2024,12,Desember,24,Pendapatan Lainnya,3329731375.0,4572195240.0,137.31,False,False
NTB,23,2025,1,Januari,25,Pendapatan Lainnya,213066612250.0,0.0,0.0,False,False
NTB,23,2025,2,Februari,26,Pendapatan Lainnya,213066612250.0,114200105.0,0.05,False,False
NTB,23,2025,3,Maret,27,Pendapatan Lainnya,213066612250.0,193914645.0,0.09,False,False
NTB,23,2025,4,April,28,Pendapatan Lainnya,213066612250.0,268014390.0,0.13,False,False
NTB,23,2025,5,Mei,29,Pendapatan Lainnya,213066612250.0,350310940.0,0.16,False,False
NTB,23,2025,6,Juni,30,Pendapatan Lainnya,213066612250.0,88182234865.0,41.39,False,False
NTB,23,2025,7,Juli,31,Pendapatan Lainnya,213066612250.0,88835604225.0,41.69,False,False
NTB,23,2025,8,Agustus,32,Pendapatan Lainnya,213066612250.0,178188361770.0,83.63,False,False
NTB,23,2025,9,September,33,Pendapatan Lainnya,213066612250.0,178610761680.0,83.83,False,False
NTB,23,2025,10,Oktober,34,Pendapatan Lainnya,213066612250.0,178686893745.0,83.86,False,False
NTB,23,2025,11,November,35,Pendapatan Lainnya,213066612250.0,179214196845.0,84.11,False,False
NTB,23,2025,12,Desember,36,Pendapatan Lainnya,213066612250.0,179707157470.0,84.34,False,False
NTB,23,2026,1,Januari,37,Pendapatan Lainnya,115865861500.0,0.0,0.0,False,False
NTB,23,2026,2,Februari,38,Pendapatan Lainnya,115865861500.0,0.0,0.0,False,False
NTB,23,2026,3,Maret,39,Pendapatan Lainnya,115865861500.0,0.0,0.0,False,False
NTB,23,2026,4,April,40,Pendapatan Lainnya,115865861500.0,305751375.0,0.26,False,False
NTB,23,2026,5,Mei,41,Pendapatan Lainnya,115865861500.0,305751375.0,0.26,False,False
NTB,23,2026,6,Juni,42,Pendapatan Lainnya,115865861500.0,60758564915.0,52.44,False,False
NTB,23,2026,7,Juli,43,Pendapatan Lainnya,115865861500.0,63758564915.0,55.03,False,False
NTB,23,2026,8,Agustus,44,Pendapatan Lainnya,115865861500.0,63930372605.0,55.18,False,False
NTB,23,2026,9,September,45,Pendapatan Lainnya,115865861500.0,63930372605.0,55.18,False,True
NTB,23,2026,10,Oktober,46,Pendapatan Lainnya,115865861500.0,63930372605.0,55.18,False,True
NTB,23,2026,11,November,47,Pendapatan Lainnya,115865861500.0,63930372605.0,55.18,False,True
NTB,23,2026,12,Desember,48,Pendapatan Lainnya,115865861500.0,63930372605.0,55.18,False,True
NTB,23,2023,1,Januari,1,Pendapatan Transfer Antar Daerah,1662086000.0,0.0,0.0,False,False
NTB,23,2023,2,Februari,2,Pendapatan Transfer Antar Daerah,1662086000.0,0.0,0.0,False,False
NTB,23,2023,3,Maret,3,Pendapatan Transfer Antar Daerah,1662086000.0,0.0,0.0,False,False
NTB,23,2023,4,April,4,Pendapatan Transfer Antar Daerah,1662086000.0,0.0,0.0,False,False
NTB,23,2023,5,Mei,5,Pendapatan Transfer Antar Daerah,1662086000.0,0.0,0.0,False,False
NTB,23,2023,6,Juni,6,Pendapatan Transfer Antar Daerah,1662086000.0,0.0,0.0,False,False
NTB,23,2023,7,Juli,7,Pendapatan Transfer Antar Daerah,1662086000.0,0.0,0.0,False,False
NTB,23,2023,8,Agustus,8,Pendapatan Transfer Antar Daerah,1662086000.0,0.0,0.0,False,False
NTB,23,2023,9,September,9,Pendapatan Transfer Antar Daerah,1662086000.0,0.0,0.0,False,False
NTB,23,2023,10,Oktober,10,Pendapatan Transfer Antar Daerah,1662086000.0,1402000040.0,84.35,False,False
NTB,23,2023,11,November,11,Pendapatan Transfer Antar Daerah,1662086000.0,1402000040.0,84.35,False,False
NTB,23,2023,12,Desember,12,Pendapatan Transfer Antar Daerah,1662086000.0,3114070550.0,187.36,False,False
NTB,23,2024,1,Januari,13,Pendapatan Transfer Antar Daerah,3329731375.0,0.0,0.0,False,False
NTB,23,2024,2,Februari,14,Pendapatan Transfer Antar Daerah,3329731375.0,185644050.0,5.58,False,False
NTB,23,2024,3,Maret,15,Pendapatan Transfer Antar Daerah,3329731375.0,185644050.0,5.58,False,False
NTB,23,2024,4,April,16,Pendapatan Transfer Antar Daerah,3329731375.0,185644050.0,5.58,False,False
NTB,23,2024,5,Mei,17,Pendapatan Transfer Antar Daerah,3329731375.0,185644050.0,5.58,False,False
NTB,23,2024,6,Juni,18,Pendapatan Transfer Antar Daerah,3329731375.0,185644050.0,5.58,False,False
NTB,23,2024,7,Juli,19,Pendapatan Transfer Antar Daerah,3329731375.0,185644050.0,5.58,False,False
NTB,23,2024,8,Agustus,20,Pendapatan Transfer Antar Daerah,3329731375.0,185644050.0,5.58,False,False
NTB,23,2024,9,September,21,Pendapatan Transfer Antar Daerah,3329731375.0,185644050.0,5.58,False,False
NTB,23,2024,10,Oktober,22,Pendapatan Transfer Antar Daerah,3329731375.0,769410815.0,23.11,False,False
NTB,23,2024,11,November,23,Pendapatan Transfer Antar Daerah,3329731375.0,769410815.0,23.11,False,False
NTB,23,2024,12,Desember,24,Pendapatan Transfer Antar Daerah,3329731375.0,4572195240.0,137.31,False,False
NTB,23,2025,1,Januari,25,Pendapatan Transfer Antar Daerah,2965475000.0,0.0,0.0,False,False
NTB,23,2025,2,Februari,26,Pendapatan Transfer Antar Daerah,2965475000.0,114200105.0,3.85,False,False
NTB,23,2025,3,Maret,27,Pendapatan Transfer Antar Daerah,2965475000.0,193914645.0,6.54,False,False
NTB,23,2025,4,April,28,Pendapatan Transfer Antar Daerah,2965475000.0,268014390.0,9.04,False,False
NTB,23,2025,5,Mei,29,Pendapatan Transfer Antar Daerah,2965475000.0,350310940.0,11.81,False,False
NTB,23,2025,6,Juni,30,Pendapatan Transfer Antar Daerah,2965475000.0,350310940.0,11.81,False,False
NTB,23,2025,7,Juli,31,Pendapatan Transfer Antar Daerah,2965475000.0,496188300.0,16.73,False,False
NTB,23,2025,8,Agustus,32,Pendapatan Transfer Antar Daerah,2965475000.0,496188300.0,16.73,False,False
NTB,23,2025,9,September,33,Pendapatan Transfer Antar Daerah,2965475000.0,580260210.0,19.57,False,False
NTB,23,2025,10,Oktober,34,Pendapatan Transfer Antar Daerah,2965475000.0,656392275.0,22.13,False,False
NTB,23,2025,11,November,35,Pendapatan Transfer Antar Daerah,2965475000.0,845367375.0,28.51,False,False
NTB,23,2025,12,Desember,36,Pendapatan Transfer Antar Daerah,2965475000.0,0.0,0.0,False,False
NTB,23,2026,1,Januari,37,Pendapatan Transfer Antar Daerah,1854893500.0,0.0,0.0,False,False
NTB,23,2026,2,Februari,38,Pendapatan Transfer Antar Daerah,1854893500.0,0.0,0.0,False,False
NTB,23,2026,3,Maret,39,Pendapatan Transfer Antar Daerah,1854893500.0,0.0,0.0,False,False
NTB,23,2026,4,April,40,Pendapatan Transfer Antar Daerah,1854893500.0,305751375.0,16.48,False,False
NTB,23,2026,5,Mei,41,Pendapatan Transfer Antar Daerah,1854893500.0,305751375.0,16.48,False,False
NTB,23,2026,6,Juni,42,Pendapatan Transfer Antar Daerah,1854893500.0,395344640.0,21.31,False,False
NTB,23,2026,7,Juli,43,Pendapatan Transfer Antar Daerah,1854893500.0,395344640.0,21.31,False,False
NTB,23,2026,8,Agustus,44,Pendapatan Transfer Antar Daerah,1854893500.0,567152330.0,30.58,False,False
NTB,23,2026,9,September,45,Pendapatan Transfer Antar Daerah,1854893500.0,567152330.0,30.58,False,True
NTB,23,2026,10,Oktober,46,Pendapatan Transfer Antar Daerah,1854893500.0,567152330.0,30.58,False,True
NTB,23,2026,11,November,47,Pendapatan Transfer Antar Daerah,1854893500.0,567152330.0,30.58,False,True
NTB,23,2026,12,Desember,48,Pendapatan Transfer Antar Daerah,1854893500.0,567152330.0,30.58,False,True
NTB,23,2023,1,Januari,1,Pendapatan Transfer Pemerintah Pusat,2977148316000.0,239363010200.0,8.04,False,False
NTB,23,2023,2,Februari,2,Pendapatan Transfer Pemerintah Pusat,2977148316000.0,370245555200.0,12.44,False,False
NTB,23,2023,3,Maret,3,Pendapatan Transfer Pemerintah Pusat,2977148316000.0,714266405762.0,23.99,False,False
NTB,23,2023,4,April,4,Pendapatan Transfer Pemerintah Pusat,2977148316000.0,973052307135.0,32.68,False,False
NTB,23,2023,5,Mei,5,Pendapatan Transfer Pemerintah Pusat,2977148316000.0,973052307135.0,32.68,False,False
NTB,23,2023,6,Juni,6,Pendapatan Transfer Pemerintah Pusat,2977148316000.0,1199903587221.0,40.3,False,False
NTB,23,2023,7,Juli,7,Pendapatan Transfer Pemerintah Pusat,2977148316000.0,1473196105331.0,49.48,False,False
NTB,23,2023,8,Agustus,8,Pendapatan Transfer Pemerintah Pusat,2977148316000.0,1781491077474.0,59.84,False,False
NTB,23,2023,9,September,9,Pendapatan Transfer Pemerintah Pusat,2977148316000.0,1962466092988.0,65.92,False,False
NTB,23,2023,10,Oktober,10,Pendapatan Transfer Pemerintah Pusat,2977148316000.0,2391525062660.0,80.33,False,False
NTB,23,2023,11,November,11,Pendapatan Transfer Pemerintah Pusat,2977148316000.0,2605745684147.0,87.52,False,False
NTB,23,2023,12,Desember,12,Pendapatan Transfer Pemerintah Pusat,2977148316000.0,2882068464418.0,96.81,False,False
NTB,23,2024,1,Januari,13,Pendapatan Transfer Pemerintah Pusat,3075449431340.0,314503912000.0,10.23,False,False
NTB,23,2024,2,Februari,14,Pendapatan Transfer Pemerintah Pusat,3075449431340.0,566131334000.0,18.41,False,False
NTB,23,2024,3,Maret,15,Pendapatan Transfer Pemerintah Pusat,3075449431340.0,849521472486.0,27.62,False,False
NTB,23,2024,4,April,16,Pendapatan Transfer Pemerintah Pusat,3075449431340.0,1095096488236.0,35.61,False,False
NTB,23,2024,5,Mei,17,Pendapatan Transfer Pemerintah Pusat,3075449431340.0,1220352076036.0,39.68,False,False
NTB,23,2024,6,Juni,18,Pendapatan Transfer Pemerintah Pusat,3075449431340.0,1621950833616.0,52.74,False,False
NTB,23,2024,7,Juli,19,Pendapatan Transfer Pemerintah Pusat,3075449431340.0,1867405597739.0,60.72,False,False
NTB,23,2024,8,Agustus,20,Pendapatan Transfer Pemerintah Pusat,3075449431340.0,2162471807506.0,70.31,False,False
NTB,23,2024,9,September,21,Pendapatan Transfer Pemerintah Pusat,3075449431340.0,2489852200993.0,80.96,False,False
NTB,23,2024,10,Oktober,22,Pendapatan Transfer Pemerintah Pusat,3075449431340.0,2851176899402.0,92.71,False,False
NTB,23,2024,11,November,23,Pendapatan Transfer Pemerintah Pusat,3075449431340.0,3083748033122.0,100.27,False,False
NTB,23,2024,12,Desember,24,Pendapatan Transfer Pemerintah Pusat,3075449431340.0,3322615573146.0,108.04,False,False
NTB,23,2025,1,Januari,25,Pendapatan Transfer Pemerintah Pusat,3606830585000.0,476264392700.0,13.2,False,False
NTB,23,2025,2,Februari,26,Pendapatan Transfer Pemerintah Pusat,3606830585000.0,641155504220.0,17.78,False,False
NTB,23,2025,3,Maret,27,Pendapatan Transfer Pemerintah Pusat,3606830585000.0,890186645417.0,24.68,False,False
NTB,23,2025,4,April,28,Pendapatan Transfer Pemerintah Pusat,3606830585000.0,1098068838967.0,30.44,False,False
NTB,23,2025,5,Mei,29,Pendapatan Transfer Pemerintah Pusat,3606830585000.0,1383732153873.0,38.36,False,False
NTB,23,2025,6,Juni,30,Pendapatan Transfer Pemerintah Pusat,3606830585000.0,1687411988144.0,46.78,False,False
NTB,23,2025,7,Juli,31,Pendapatan Transfer Pemerintah Pusat,3606830585000.0,1919891112348.0,53.23,False,False
NTB,23,2025,8,Agustus,32,Pendapatan Transfer Pemerintah Pusat,3606830585000.0,2401972822466.0,66.6,False,False
NTB,23,2025,9,September,33,Pendapatan Transfer Pemerintah Pusat,3606830585000.0,2667839273483.0,73.97,False,False
NTB,23,2025,10,Oktober,34,Pendapatan Transfer Pemerintah Pusat,3606830585000.0,2967411693460.0,82.27,False,False
NTB,23,2025,11,November,35,Pendapatan Transfer Pemerintah Pusat,3606830585000.0,3356985038083.0,93.07,False,False
NTB,23,2025,12,Desember,36,Pendapatan Transfer Pemerintah Pusat,3606830585000.0,3532133063230.0,97.93,False,False
NTB,23,2026,1,Januari,37,Pendapatan Transfer Pemerintah Pusat,2481714874957.0,425851137300.0,17.16,False,False
NTB,23,2026,2,Februari,38,Pendapatan Transfer Pemerintah Pusat,2481714874957.0,618422225200.0,24.92,False,False
NTB,23,2026,3,Maret,39,Pendapatan Transfer Pemerintah Pusat,2481714874957.0,792125771788.0,31.92,False,False
NTB,23,2026,4,April,40,Pendapatan Transfer Pemerintah Pusat,2481714874957.0,978022619038.0,39.41,False,False
NTB,23,2026,5,Mei,41,Pendapatan Transfer Pemerintah Pusat,2481714874957.0,1144416422820.0,46.11,False,False
NTB,23,2026,6,Juni,42,Pendapatan Transfer Pemerintah Pusat,2481714874957.0,1316878714185.0,53.06,False,False
NTB,23,2026,7,Juli,43,Pendapatan Transfer Pemerintah Pusat,2481714874957.0,1450790634452.0,58.46,False,False
NTB,23,2026,8,Agustus,44,Pendapatan Transfer Pemerintah Pusat,2481714874957.0,1619491503152.0,65.26,False,False
NTB,23,2026,9,September,45,Pendapatan Transfer Pemerintah Pusat,2481714874957.0,1619491503152.0,65.26,False,True
NTB,23,2026,10,Oktober,46,Pendapatan Transfer Pemerintah Pusat,2481714874957.0,1619491503152.0,65.26,False,True
NTB,23,2026,11,November,47,Pendapatan Transfer Pemerintah Pusat,2481714874957.0,1619491503152.0,65.26,False,True
NTB,23,2026,12,Desember,48,Pendapatan Transfer Pemerintah Pusat,2481714874957.0,1619491503152.0,65.26,False,True
NTB,23,2023,1,Januari,1,Retribusi Daerah,36197371000.0,1110769911.0,3.07,False,False
NTB,23,2023,2,Februari,2,Retribusi Daerah,36197371000.0,1912520894.0,5.28,False,False
NTB,23,2023,3,Maret,3,Retribusi Daerah,36197371000.0,2752060832.0,7.6,False,False
NTB,23,2023,4,April,4,Retribusi Daerah,36197371000.0,3389168200.0,9.36,False,False
NTB,23,2023,5,Mei,5,Retribusi Daerah,36197371000.0,3389168200.0,9.36,False,False
NTB,23,2023,6,Juni,6,Retribusi Daerah,36197371000.0,4273472138.0,11.81,False,False
NTB,23,2023,7,Juli,7,Retribusi Daerah,36197371000.0,5054077690.0,13.96,False,False
NTB,23,2023,8,Agustus,8,Retribusi Daerah,36197371000.0,6484316763.62,17.91,False,False
NTB,23,2023,9,September,9,Retribusi Daerah,36197371000.0,7357017264.13,20.32,False,False
NTB,23,2023,10,Oktober,10,Retribusi Daerah,36197371000.0,8365511121.13,23.11,False,False
NTB,23,2023,11,November,11,Retribusi Daerah,36197371000.0,10438593620.38,28.84,False,False
NTB,23,2023,12,Desember,12,Retribusi Daerah,36197371000.0,11519628946.38,31.82,False,False
NTB,23,2024,1,Januari,13,Retribusi Daerah,605810602500.0,68531480298.06,11.31,False,False
NTB,23,2024,2,Februari,14,Retribusi Daerah,605810602500.0,123487521826.13,20.38,False,False
NTB,23,2024,3,Maret,15,Retribusi Daerah,605810602500.0,174143794999.77,28.75,False,False
NTB,23,2024,4,April,16,Retribusi Daerah,605810602500.0,227131554364.08,37.49,False,False
NTB,23,2024,5,Mei,17,Retribusi Daerah,605810602500.0,244642192180.95,40.38,False,False
NTB,23,2024,6,Juni,18,Retribusi Daerah,605810602500.0,326822039208.47,53.95,False,False
NTB,23,2024,7,Juli,19,Retribusi Daerah,605810602500.0,413481476618.4,68.25,False,False
NTB,23,2024,8,Agustus,20,Retribusi Daerah,605810602500.0,473340401343.31,78.13,False,False
NTB,23,2024,9,September,21,Retribusi Daerah,605810602500.0,539794808581.32,89.1,False,False
NTB,23,2024,10,Oktober,22,Retribusi Daerah,605810602500.0,604460557663.11,99.78,False,False
NTB,23,2024,11,November,23,Retribusi Daerah,605810602500.0,661201171883.47,109.14,False,False
NTB,23,2024,12,Desember,24,Retribusi Daerah,605810602500.0,1098419169576.1,181.31,False,False
NTB,23,2025,1,Januari,25,Retribusi Daerah,769065375770.0,73914190551.08,9.61,False,False
NTB,23,2025,2,Februari,26,Retribusi Daerah,769065375770.0,144807748853.85,18.83,False,False
NTB,23,2025,3,Maret,27,Retribusi Daerah,769065375770.0,213131535408.91,27.71,False,False
NTB,23,2025,4,April,28,Retribusi Daerah,769065375770.0,284733667068.28,37.02,False,False
NTB,23,2025,5,Mei,29,Retribusi Daerah,769065375770.0,345825415818.16,44.97,False,False
NTB,23,2025,6,Juni,30,Retribusi Daerah,769065375770.0,407006532813.94,52.92,False,False
NTB,23,2025,7,Juli,31,Retribusi Daerah,769065375770.0,480784584281.42,62.52,False,False
NTB,23,2025,8,Agustus,32,Retribusi Daerah,769065375770.0,547078211511.53,71.14,False,False
NTB,23,2025,9,September,33,Retribusi Daerah,769065375770.0,620027827776.52,80.62,False,False
NTB,23,2025,10,Oktober,34,Retribusi Daerah,769065375770.0,692084767868.12,89.99,False,False
NTB,23,2025,11,November,35,Retribusi Daerah,769065375770.0,768273011888.01,99.9,False,False
NTB,23,2025,12,Desember,36,Retribusi Daerah,769065375770.0,849558686413.08,110.47,False,False
NTB,23,2026,1,Januari,37,Retribusi Daerah,1025956381180.0,73671645735.9,7.18,False,False
NTB,23,2026,2,Februari,38,Retribusi Daerah,1025956381180.0,141197690806.42,13.76,False,False
NTB,23,2026,3,Maret,39,Retribusi Daerah,1025956381180.0,225460371036.78,21.98,False,False
NTB,23,2026,4,April,40,Retribusi Daerah,1025956381180.0,282176672915.83,27.5,False,False
NTB,23,2026,5,Mei,41,Retribusi Daerah,1025956381180.0,355931116043.29,34.69,False,False
NTB,23,2026,6,Juni,42,Retribusi Daerah,1025956381180.0,429342099056.93,41.85,False,False
NTB,23,2026,7,Juli,43,Retribusi Daerah,1025956381180.0,429362649056.93,41.85,False,False
NTB,23,2026,8,Agustus,44,Retribusi Daerah,1025956381180.0,429362649056.93,41.85,False,True
NTB,23,2026,9,September,45,Retribusi Daerah,1025956381180.0,429362649056.93,41.85,False,True
NTB,23,2026,10,Oktober,46,Retribusi Daerah,1025956381180.0,429362649056.93,41.85,False,True
NTB,23,2026,11,November,47,Retribusi Daerah,1025956381180.0,429362649056.93,41.85,False,True
NTB,23,2026,12,Desember,48,Retribusi Daerah,1025956381180.0,429362649056.93,41.85,False,True
NTB,23,2023,1,Januari,1,TKDD,2977148316000.0,239363010200.0,8.04,False,False
NTB,23,2023,2,Februari,2,TKDD,2977148316000.0,370245555200.0,12.44,False,False
NTB,23,2023,3,Maret,3,TKDD,2977148316000.0,714266405762.0,23.99,False,False
NTB,23,2023,4,April,4,TKDD,2977148316000.0,973052307135.0,32.68,False,False
NTB,23,2023,5,Mei,5,TKDD,2977148316000.0,973052307135.0,32.68,False,False
NTB,23,2023,6,Juni,6,TKDD,2977148316000.0,1199903587221.0,40.3,False,False
NTB,23,2023,7,Juli,7,TKDD,2977148316000.0,1473196105331.0,49.48,False,False
NTB,23,2023,8,Agustus,8,TKDD,2977148316000.0,1781491077474.0,59.84,False,False
NTB,23,2023,9,September,9,TKDD,2977148316000.0,1962466092988.0,65.92,False,False
NTB,23,2023,10,Oktober,10,TKDD,2977148316000.0,2391525062660.0,80.33,False,False
NTB,23,2023,11,November,11,TKDD,2977148316000.0,2605745684147.0,87.52,False,False
NTB,23,2023,12,Desember,12,TKDD,2977148316000.0,2882068464418.0,96.81,False,False
NTB,23,2024,1,Januari,13,TKDD,3075449431340.0,314503912000.0,10.23,False,False
NTB,23,2024,2,Februari,14,TKDD,3075449431340.0,566131334000.0,18.41,False,False
NTB,23,2024,3,Maret,15,TKDD,3075449431340.0,849521472486.0,27.62,False,False
NTB,23,2024,4,April,16,TKDD,3075449431340.0,1095096488236.0,35.61,False,False
NTB,23,2024,5,Mei,17,TKDD,3075449431340.0,1220352076036.0,39.68,False,False
NTB,23,2024,6,Juni,18,TKDD,3075449431340.0,1621950833616.0,52.74,False,False
NTB,23,2024,7,Juli,19,TKDD,3075449431340.0,1867405597739.0,60.72,False,False
NTB,23,2024,8,Agustus,20,TKDD,3075449431340.0,2162471807506.0,70.31,False,False
NTB,23,2024,9,September,21,TKDD,3075449431340.0,2489852200993.0,80.96,False,False
NTB,23,2024,10,Oktober,22,TKDD,3075449431340.0,2851176899402.0,92.71,False,False
NTB,23,2024,11,November,23,TKDD,3075449431340.0,3083748033122.0,100.27,False,False
NTB,23,2024,12,Desember,24,TKDD,3075449431340.0,3322615573146.0,108.04,False,False
NTB,23,2025,1,Januari,25,TKDD,3606830585000.0,476264392700.0,13.2,False,False
NTB,23,2025,2,Februari,26,TKDD,3606830585000.0,641155504220.0,17.78,False,False
NTB,23,2025,3,Maret,27,TKDD,3606830585000.0,890186645417.0,24.68,False,False
NTB,23,2025,4,April,28,TKDD,3606830585000.0,1098068838967.0,30.44,False,False
NTB,23,2025,5,Mei,29,TKDD,3606830585000.0,1383732153873.0,38.36,False,False
NTB,23,2025,6,Juni,30,TKDD,3606830585000.0,1687411988144.0,46.78,False,False
NTB,23,2025,7,Juli,31,TKDD,3606830585000.0,1919891112348.0,53.23,False,False
NTB,23,2025,8,Agustus,32,TKDD,3606830585000.0,2401972822466.0,66.6,False,False
NTB,23,2025,9,September,33,TKDD,3606830585000.0,2667839273483.0,73.97,False,False
NTB,23,2025,10,Oktober,34,TKDD,3606830585000.0,2967411693460.0,82.27,False,False
NTB,23,2025,11,November,35,TKDD,3606830585000.0,3356985038083.0,93.07,False,False
NTB,23,2025,12,Desember,36,TKDD,3606830585000.0,3532133063230.0,97.93,False,False
NTB,23,2026,1,Januari,37,TKDD,2481714874957.0,425851137300.0,17.16,False,False
NTB,23,2026,2,Februari,38,TKDD,2481714874957.0,618422225200.0,24.92,False,False
NTB,23,2026,3,Maret,39,TKDD,2481714874957.0,792125771788.0,31.92,False,False
NTB,23,2026,4,April,40,TKDD,2481714874957.0,978022619038.0,39.41,False,False
NTB,23,2026,5,Mei,41,TKDD,2481714874957.0,1144416422820.0,46.11,False,False
NTB,23,2026,6,Juni,42,TKDD,2481714874957.0,1316878714185.0,53.06,False,False
NTB,23,2026,7,Juli,43,TKDD,2481714874957.0,1450790634452.0,58.46,False,False
NTB,23,2026,8,Agustus,44,TKDD,2481714874957.0,1619491503152.0,65.26,False,False
NTB,23,2026,9,September,45,TKDD,2481714874957.0,1619491503152.0,65.26,False,True
NTB,23,2026,10,Oktober,46,TKDD,2481714874957.0,1619491503152.0,65.26,False,True
NTB,23,2026,11,November,47,TKDD,2481714874957.0,1619491503152.0,65.26,False,True
NTB,23,2026,12,Desember,48,TKDD,2481714874957.0,1619491503152.0,65.26,False,True
